sample,epoch_seconds,rss_kb,cpu_percent,cpu_time
0,1786303030.414808,226128,100.0,0:04.71
1,1786303030.533065,229104,99.4,0:04.83
2,1786303030.654220,232016,99.6,0:04.95
3,1786303030.777439,234688,99.6,0:05.07
4,1786303030.891702,238432,99.5,0:05.18
5,1786303031.014762,242240,99.2,0:05.31
6,1786303031.132782,244880,99.7,0:05.42
7,1786303031.250754,248736,99.6,0:05.54
8,1786303031.373806,252288,99.6,0:05.66
9,1786303031.488862,254528,100.0,0:05.78
10,1786303031.603965,257744,100.0,0:05.89
11,1786303031.728350,260192,99.1,0:06.02
12,1786303031.849194,263616,99.1,0:06.14
13,1786303032.012011,266032,99.3,0:06.22
14,1786303032.170004,266048,54.1,0:06.23
15,1786303032.373493,266512,43.9,0:06.28
16,1786303032.527389,266256,28.3,0:06.32
17,1786303032.669520,268224,46.7,0:06.44
18,1786303032.808213,269600,66.8,0:06.59
19,1786303032.942251,270448,78.5,0:06.72
20,1786303033.077060,272480,86.6,0:06.85
21,1786303033.211734,274768,90.5,0:06.99
22,1786303033.338654,276944,94.4,0:07.12
23,1786303033.468788,278768,96.2,0:07.25
24,1786303033.601283,280800,97.6,0:07.38
25,1786303033.729464,283184,98.4,0:07.51
26,1786303033.857607,285632,98.9,0:07.64
27,1786303033.991749,287536,99.2,0:07.77
28,1786303034.125966,289120,99.5,0:07.90
29,1786303034.259485,291440,99.8,0:08.03
30,1786303034.397320,293520,99.5,0:08.17
31,1786303034.545379,294944,99.5,0:08.31
32,1786303034.695188,295824,99.8,0:08.45
33,1786303034.853088,297184,99.2,0:08.61
34,1786303035.021013,298080,97.7,0:08.76
35,1786303035.460378,300240,66.8,0:08.90
36,1786303035.917513,301328,20.7,0:08.97
37,1786303036.259403,302224,31.3,0:09.09
38,1786303036.542367,303664,38.6,0:09.23
39,1786303036.765085,304080,39.2,0:09.34
40,1786303036.944887,304528,56.6,0:09.49
41,1786303037.113635,200816,63.9,0:09.65
42,1786303037.273306,199952,119.2,0:09.94
43,1786303037.427839,200016,137.5,0:10.22
44,1786303037.582138,200064,151.8,0:10.48
45,1786303037.758308,200080,160.3,0:10.70
46,1786303037.925578,200080,140.0,0:10.92
47,1786303038.104000,200112,134.3,0:11.14
48,1786303038.278741,200256,136.6,0:11.38
49,1786303038.459450,200336,135.7,0:11.62
50,1786303038.628627,200464,131.7,0:11.88
51,1786303038.780632,200576,154.0,0:12.15
52,1786303038.937102,200752,165.5,0:12.45
53,1786303039.085409,200944,173.4,0:12.73
54,1786303039.243251,201056,179.5,0:13.02
55,1786303039.399166,201296,183.7,0:13.32
56,1786303039.563179,201584,193.1,0:13.64
57,1786303039.729185,201744,180.5,0:13.87
58,1786303039.910288,201952,163.3,0:14.14
59,1786303040.082660,202288,150.8,0:14.37
60,1786303040.279972,202512,139.7,0:14.60
61,1786303040.438324,202752,132.9,0:14.85
62,1786303040.599194,202992,148.4,0:15.14
63,1786303040.756294,203296,157.7,0:15.42
64,1786303040.912732,203472,176.5,0:15.72
65,1786303041.079285,203728,186.3,0:16.04
66,1786303041.244520,204128,179.8,0:16.32
67,1786303041.414174,204384,172.6,0:16.58
68,1786303041.579905,204688,161.0,0:16.82
69,1786303041.759034,204992,146.8,0:17.05
70,1786303041.934420,205136,134.3,0:17.26
71,1786303042.092720,205360,139.2,0:17.55
72,1786303042.243570,205616,155.6,0:17.83
73,1786303042.400607,205824,174.3,0:18.12
74,1786303042.557622,206096,180.4,0:18.39
75,1786303042.724583,206352,170.5,0:18.66
76,1786303042.882784,206592,167.9,0:18.94
77,1786303043.065799,206880,174.5,0:19.21
78,1786303043.258451,207088,158.7,0:19.48
79,1786303043.427927,207264,139.0,0:19.70
80,1786303043.580796,207600,147.3,0:19.99
81,1786303043.736020,207840,159.0,0:20.26
82,1786303043.884106,208176,167.5,0:20.54
83,1786303044.034966,208368,179.9,0:20.83
84,1786303044.200045,208560,186.5,0:21.15
85,1786303044.354905,208832,182.5,0:21.42
86,1786303044.517800,209088,180.5,0:21.70
87,1786303044.704728,209264,161.5,0:21.90
88,1786303044.882984,209536,138.6,0:22.13
89,1786303045.043978,209808,136.2,0:22.37
90,1786303045.220111,210096,148.2,0:22.61
91,1786303045.381641,210224,121.8,0:22.78
92,1786303045.533089,210480,144.4,0:23.05
93,1786303045.692791,210784,154.8,0:23.32
94,1786303045.860985,211056,163.8,0:23.63
95,1786303046.026584,211312,173.3,0:23.92
96,1786303046.192591,211584,173.2,0:24.18
97,1786303046.363562,211792,159.9,0:24.41
98,1786303046.529614,212000,144.9,0:24.63
99,1786303046.677932,212208,141.1,0:24.86
100,1786303046.843922,212432,147.9,0:25.11
101,1786303047.003945,212720,149.8,0:25.40
102,1786303047.162274,213024,172.1,0:25.69
103,1786303047.324657,213200,173.1,0:25.97
104,1786303047.487749,213584,174.0,0:26.26
105,1786303047.655645,213840,170.3,0:26.52
106,1786303047.830097,213968,156.6,0:26.75
107,1786303048.004088,214224,143.9,0:26.99
108,1786303048.170186,214528,146.0,0:27.26
109,1786303048.326802,214832,156.7,0:27.54
110,1786303048.479593,215120,162.9,0:27.81
111,1786303048.633144,215344,170.8,0:28.10
112,1786303048.789129,215568,181.4,0:28.39
113,1786303048.945815,216416,165.4,0:28.57
114,1786303049.105880,216416,141.6,0:28.72
115,1786303049.261920,216496,123.2,0:28.88
116,1786303049.417662,216592,107.0,0:29.04
117,1786303049.566868,216624,105.8,0:29.19
118,1786303049.718973,216688,102.1,0:29.34
119,1786303049.867417,216720,102.1,0:29.49
120,1786303050.016176,216864,99.6,0:29.64
121,1786303050.161972,216960,100.0,0:29.79
122,1786303050.306638,217072,99.0,0:29.94
123,1786303050.453744,217152,100.2,0:30.08
124,1786303050.590521,217184,100.0,0:30.22
125,1786303050.722373,217312,99.3,0:30.36
126,1786303050.853841,217376,99.7,0:30.49
127,1786303050.984164,217488,100.0,0:30.62
128,1786303051.132985,217504,98.2,0:30.76
129,1786303051.269535,217552,99.7,0:30.90
130,1786303051.415596,217568,99.5,0:31.04
131,1786303051.564295,217664,100.0,0:31.19
132,1786303051.711492,217728,99.0,0:31.34
133,1786303051.851742,217728,98.9,0:31.48
134,1786303052.001449,217840,100.0,0:31.62
135,1786303052.150888,217984,100.0,0:31.77
136,1786303052.305160,218016,99.7,0:31.93
137,1786303052.461546,218096,99.3,0:32.08
138,1786303052.622498,218176,99.7,0:32.24
139,1786303052.782183,218272,100.0,0:32.40
140,1786303052.935570,218320,99.5,0:32.55
141,1786303053.091895,218384,98.4,0:32.71
142,1786303053.256152,218528,100.1,0:32.87
143,1786303053.414011,218608,100.0,0:33.03
144,1786303053.553586,218752,98.7,0:33.18
145,1786303053.709632,218848,99.4,0:33.33
146,1786303053.868993,218928,99.1,0:33.48
147,1786303054.027282,219024,98.5,0:33.64
148,1786303054.186362,219120,99.6,0:33.80
149,1786303054.333414,219200,100.0,0:33.95
150,1786303054.488259,220320,99.5,0:34.10
151,1786303054.647687,220528,98.4,0:34.26
152,1786303054.797491,220640,99.6,0:34.42
153,1786303054.944810,220896,100.0,0:34.56
154,1786303055.091722,220976,100.0,0:34.71
155,1786303055.238902,221136,99.3,0:34.86
156,1786303055.391119,221264,100.0,0:35.00
157,1786303055.550035,221472,100.0,0:35.16
158,1786303055.705594,221568,98.4,0:35.32
159,1786303055.857488,221776,99.6,0:35.47
160,1786303056.003808,221840,99.1,0:35.62
161,1786303056.146841,222016,99.9,0:35.76
162,1786303056.294753,222160,100.0,0:35.91
163,1786303056.440057,222336,98.7,0:36.06
164,1786303056.587737,222496,99.3,0:36.21
165,1786303056.733997,222688,100.0,0:36.34
166,1786303056.888745,222704,99.0,0:36.50
167,1786303057.043941,222848,100.0,0:36.66
168,1786303057.200816,222992,99.1,0:36.81
169,1786303057.355469,223136,99.3,0:36.97
170,1786303057.497706,223264,99.4,0:37.11
171,1786303057.643363,223408,99.8,0:37.26
172,1786303057.793232,223552,100.0,0:37.41
173,1786303057.932588,223776,100.0,0:37.55
174,1786303058.085922,223952,100.0,0:37.69
175,1786303058.230669,224096,98.9,0:37.84
176,1786303058.384866,224240,100.0,0:38.00
177,1786303058.534426,224336,100.0,0:38.15
178,1786303058.683980,224544,100.0,0:38.30
179,1786303058.836788,224672,100.0,0:38.45
180,1786303058.981744,224784,99.6,0:38.60
181,1786303059.127484,225008,98.9,0:38.74
182,1786303059.264264,225136,99.2,0:38.88
183,1786303059.401711,225472,100.0,0:39.02
184,1786303059.550092,225664,100.0,0:39.16
185,1786303059.704276,225760,98.5,0:39.31
186,1786303059.860546,225856,99.9,0:39.47
187,1786303060.012432,225936,99.6,0:39.62
188,1786303060.154364,226032,99.0,0:39.77
189,1786303060.301683,226240,98.8,0:39.91
190,1786303060.448582,226304,100.0,0:40.06
191,1786303060.589325,226480,100.0,0:40.20
192,1786303060.819104,226592,98.5,0:40.39
193,1786303061.013763,226960,99.0,0:40.59
194,1786303061.197557,227072,95.7,0:40.77
195,1786303061.377451,227168,95.3,0:40.94
196,1786303061.541205,227280,96.9,0:41.11
197,1786303061.702729,227392,99.6,0:41.27
198,1786303061.862410,227552,97.8,0:41.43
199,1786303062.020377,227616,98.6,0:41.59
200,1786303062.178044,227696,98.4,0:41.75
201,1786303062.338367,227840,100.0,0:41.91
202,1786303062.493174,227984,100.0,0:42.07
203,1786303062.648532,228096,99.0,0:42.22
204,1786303062.799855,228176,99.6,0:42.37
205,1786303062.950947,228208,100.0,0:42.52
206,1786303063.083291,228384,100.0,0:42.66
207,1786303063.220064,228528,98.4,0:42.80
208,1786303063.362129,228688,99.1,0:42.94
209,1786303063.503136,228800,99.3,0:43.08
210,1786303063.645067,228928,100.0,0:43.22
211,1786303063.788081,229008,100.0,0:43.36
212,1786303063.923854,229056,100.0,0:43.50
213,1786303064.069969,229200,100.0,0:43.65
214,1786303064.213553,229280,97.9,0:43.79
215,1786303064.359678,229408,98.8,0:43.94
216,1786303064.507996,229504,100.0,0:44.08
217,1786303064.651877,229648,98.2,0:44.23
218,1786303064.797863,229712,100.0,0:44.37
219,1786303064.939052,229808,99.1,0:44.51
220,1786303065.085913,229920,100.0,0:44.66
221,1786303065.233232,230000,100.0,0:44.81
222,1786303065.371801,230112,98.1,0:44.95
223,1786303065.518502,230208,100.0,0:45.09
224,1786303065.661198,230320,100.0,0:45.24
225,1786303065.804366,230432,99.3,0:45.38
226,1786303065.952768,230480,100.0,0:45.53
227,1786303066.103314,230576,99.4,0:45.67
228,1786303066.251222,230672,99.9,0:45.82
229,1786303066.391823,230816,99.7,0:45.96
230,1786303066.538298,230912,100.0,0:46.11
231,1786303066.676651,231024,98.5,0:46.25
232,1786303066.826006,231152,100.0,0:46.40
233,1786303066.985437,231232,99.6,0:46.55
234,1786303067.134452,231344,98.9,0:46.70
235,1786303067.284180,231456,99.3,0:46.85
236,1786303067.433773,231536,100.0,0:47.00
237,1786303067.577684,231600,98.5,0:47.14
238,1786303067.727297,231712,99.1,0:47.29
239,1786303067.885304,231792,99.4,0:47.45
240,1786303068.041318,231904,99.3,0:47.60
241,1786303068.208809,232000,99.2,0:47.76
242,1786303068.357471,231904,100.0,0:47.92
243,1786303068.511943,232032,99.9,0:48.07
244,1786303068.676538,232160,98.7,0:48.23
245,1786303068.830684,232288,100.0,0:48.39
246,1786303068.981846,232320,99.7,0:48.54
247,1786303069.130792,232368,99.7,0:48.69
248,1786303069.277861,232480,99.4,0:48.84
249,1786303069.429433,232608,99.8,0:48.99
250,1786303069.569282,232640,99.0,0:49.13
251,1786303069.711206,232784,100.0,0:49.27
252,1786303069.860697,232864,99.1,0:49.42
253,1786303070.003178,233056,100.0,0:49.56
254,1786303070.186305,233168,100.0,0:49.75
255,1786303070.324311,233312,99.4,0:49.89
256,1786303070.468167,233424,100.0,0:50.03
257,1786303070.610501,233600,99.3,0:50.17
258,1786303070.752588,233680,100.0,0:50.31
259,1786303070.897608,233776,100.0,0:50.46
260,1786303071.044999,233920,100.0,0:50.60
261,1786303071.180428,233968,99.1,0:50.74
262,1786303071.320939,234080,99.1,0:50.88
263,1786303071.465835,234176,99.4,0:51.03
264,1786303071.614263,234256,99.2,0:51.17
265,1786303071.765948,234384,100.0,0:51.32
266,1786303071.912468,234480,100.0,0:51.47
267,1786303072.050982,238704,98.5,0:51.61
268,1786303072.199464,238864,99.5,0:51.76
269,1786303072.349127,239024,99.1,0:51.91
270,1786303072.493533,239136,99.7,0:52.05
271,1786303072.644338,239264,99.4,0:52.20
272,1786303072.789923,239376,99.4,0:52.35
273,1786303072.933326,239536,100.0,0:52.49
274,1786303073.069517,239664,99.3,0:52.63
275,1786303073.218574,239824,99.6,0:52.77
276,1786303073.418352,240016,100.0,0:52.98
277,1786303073.562110,240128,99.5,0:53.12
278,1786303073.709817,240256,100.0,0:53.26
279,1786303073.850765,240368,100.0,0:53.41
280,1786303073.996468,240448,99.0,0:53.55
281,1786303074.141317,240608,99.8,0:53.70
282,1786303074.290077,240752,99.0,0:53.84
283,1786303074.434775,240896,99.7,0:53.99
284,1786303074.581263,241104,100.0,0:54.13
285,1786303074.726940,241248,98.6,0:54.28
286,1786303074.871267,241392,100.0,0:54.43
287,1786303075.018091,241552,99.6,0:54.57
288,1786303075.165533,241664,98.9,0:54.72
289,1786303075.303616,241792,99.1,0:54.86
290,1786303075.450806,241904,100.0,0:55.00
291,1786303075.595022,242096,100.0,0:55.15
292,1786303075.742179,242288,100.0,0:55.29
293,1786303075.888193,242400,100.0,0:55.44
294,1786303076.036891,242496,98.9,0:55.59
295,1786303076.174585,242688,99.0,0:55.73
296,1786303076.321857,242784,99.6,0:55.87
297,1786303076.458760,242944,99.4,0:56.01
298,1786303076.606603,243056,100.0,0:56.16
299,1786303076.753041,243184,99.8,0:56.30
300,1786303076.895319,243344,99.8,0:56.45
301,1786303077.039483,243552,100.0,0:56.59
302,1786303077.179682,243648,100.0,0:56.73
303,1786303077.319946,243760,98.7,0:56.87
304,1786303077.462811,243856,99.6,0:57.01
305,1786303077.610235,244064,99.4,0:57.16
306,1786303077.758837,244224,100.0,0:57.31
307,1786303077.908988,244336,98.7,0:57.46
308,1786303078.066906,244464,100.0,0:57.62
309,1786303078.206715,244576,99.0,0:57.76
310,1786303078.355734,244736,99.5,0:57.90
311,1786303078.505967,244816,100.0,0:58.05
312,1786303078.689130,244912,98.7,0:58.20
313,1786303078.868615,245056,99.2,0:58.39
314,1786303079.020585,245200,98.2,0:58.55
315,1786303079.175906,245312,98.4,0:58.71
316,1786303079.335212,245456,99.8,0:58.87
317,1786303079.495182,245616,98.8,0:59.03
318,1786303079.654242,245792,99.4,0:59.19
319,1786303079.863288,245888,98.5,0:59.36
320,1786303080.011093,245984,100.0,0:59.54
321,1786303080.155849,246128,98.2,0:59.69
322,1786303080.308431,247040,96.0,0:59.82
323,1786303080.453491,248016,92.5,0:59.96
324,1786303080.701391,248928,94.0,1:00.08
325,1786303080.878784,249696,58.2,1:00.21
326,1786303081.019443,250720,69.1,1:00.35
327,1786303081.168420,251760,87.4,1:00.49
328,1786303081.315721,252736,87.8,1:00.63
329,1786303081.464038,253712,92.2,1:00.76
330,1786303081.606492,254720,91.6,1:00.91
331,1786303081.742131,255632,89.8,1:01.03
332,1786303081.886084,256576,94.3,1:01.16
333,1786303082.032855,257616,92.1,1:01.31
334,1786303082.177488,258656,96.4,1:01.45
335,1786303082.326064,259792,97.6,1:01.60
336,1786303082.461642,260752,98.3,1:01.73
337,1786303082.603009,261776,98.5,1:01.88
338,1786303082.746191,262736,95.4,1:02.01
339,1786303082.891814,263728,97.2,1:02.14
340,1786303083.032460,264656,94.0,1:02.27
341,1786303083.215440,265888,97.5,1:02.45
342,1786303083.363273,266416,93.7,1:02.54
343,1786303083.511017,266416,67.7,1:02.56
344,1786303083.652165,254640,47.3,1:02.58
345,1786303083.798997,254640,34.4,1:02.62
346,1786303083.940002,254640,22.9,1:02.63
347,1786303084.082855,254640,15.4,1:02.63
348,1786303084.256498,260368,20.4,1:02.70
349,1786303084.396151,260864,36.4,1:02.80
350,1786303084.535954,260864,22.9,1:02.80
351,1786303084.673792,260864,14.1,1:02.80
352,1786303084.805989,260864,8.9,1:02.80
353,1786303084.942359,260864,5.4,1:02.80
354,1786303085.074957,260864,3.3,1:02.80
355,1786303085.220601,260864,2.0,1:02.80
356,1786303085.360611,260864,1.1,1:02.80
357,1786303085.495413,260864,0.8,1:02.80
358,1786303085.635601,260864,0.3,1:02.80
359,1786303085.774021,260864,0.2,1:02.80
360,1786303085.913011,260864,0.0,1:02.80
361,1786303086.046390,260864,0.0,1:02.80
362,1786303086.183513,260864,0.0,1:02.80
363,1786303086.324432,260864,0.0,1:02.80
364,1786303086.466700,260864,0.1,1:02.80
365,1786303086.607943,260864,0.0,1:02.80
366,1786303086.747687,260896,0.0,1:02.80
367,1786303086.881166,260896,0.0,1:02.80
368,1786303087.018753,260896,0.0,1:02.80
369,1786303087.158966,260896,0.0,1:02.80
370,1786303087.336912,260896,0.0,1:02.80
371,1786303087.486373,260896,0.0,1:02.80
372,1786303087.674797,260944,0.0,1:02.80
373,1786303087.824625,260944,0.1,1:02.80
374,1786303087.974026,260944,0.0,1:02.80
375,1786303088.121268,260944,0.0,1:02.80
376,1786303088.270310,260944,0.0,1:02.80
377,1786303088.419903,260944,0.0,1:02.80
378,1786303088.559453,260944,0.0,1:02.80
379,1786303088.708517,260944,0.0,1:02.80
380,1786303088.853966,260944,0.0,1:02.80
381,1786303089.001622,260944,0.0,1:02.80
382,1786303089.147167,260944,0.0,1:02.80
383,1786303089.280106,260944,0.0,1:02.80
384,1786303089.413885,260944,0.0,1:02.80
385,1786303089.544173,260944,0.0,1:02.80
386,1786303089.677998,260944,0.0,1:02.80
387,1786303089.808102,260944,0.0,1:02.80
388,1786303089.941759,260896,0.0,1:02.80
389,1786303090.074534,260896,0.0,1:02.80
390,1786303090.201942,260896,0.0,1:02.80
391,1786303090.335055,260896,0.0,1:02.80
392,1786303090.459175,260896,0.0,1:02.80
393,1786303090.590234,260896,0.0,1:02.80
394,1786303090.727784,260896,0.0,1:02.80
395,1786303090.860369,260896,0.0,1:02.80
396,1786303090.997564,260896,0.0,1:02.80
397,1786303091.131163,260896,0.0,1:02.80
398,1786303091.266600,260896,0.0,1:02.80
399,1786303091.397435,260896,0.0,1:02.80
400,1786303091.526377,260896,0.0,1:02.80
401,1786303091.665785,260896,0.0,1:02.80
402,1786303091.803495,260896,0.0,1:02.80
403,1786303091.952388,260896,0.0,1:02.80
404,1786303092.097837,260896,0.0,1:02.80
405,1786303092.234860,260896,0.0,1:02.80
406,1786303092.382892,260896,0.0,1:02.80
407,1786303092.519147,260896,0.0,1:02.80
408,1786303092.663555,260896,0.0,1:02.80
409,1786303092.806519,260896,0.0,1:02.80
410,1786303092.949089,260896,0.0,1:02.80
411,1786303093.088654,260896,0.0,1:02.80
412,1786303093.226040,260896,0.0,1:02.80
413,1786303093.361263,260896,0.0,1:02.80
414,1786303093.495650,260896,0.0,1:02.80
415,1786303093.628783,260864,0.0,1:02.80
416,1786303093.765664,260864,0.0,1:02.80
417,1786303093.897727,260864,0.0,1:02.80
418,1786303094.039228,260880,0.0,1:02.80
419,1786303094.185353,260880,0.0,1:02.80
420,1786303094.325582,260880,0.0,1:02.80
421,1786303094.464319,260880,0.0,1:02.80
422,1786303094.604700,260880,0.0,1:02.80
423,1786303094.740355,260880,0.0,1:02.80
424,1786303094.882859,260880,0.0,1:02.80
425,1786303095.012719,260864,0.1,1:02.81
426,1786303095.145838,260864,0.0,1:02.81
427,1786303095.288929,260864,0.0,1:02.81
428,1786303095.427887,260864,0.0,1:02.81
429,1786303095.566412,260864,0.0,1:02.81
430,1786303095.701651,260864,0.0,1:02.81
431,1786303095.843061,260864,0.0,1:02.81
432,1786303095.985504,260864,0.1,1:02.81
433,1786303096.128456,260864,0.0,1:02.81
434,1786303096.265582,260864,0.0,1:02.81
435,1786303096.395644,260864,0.0,1:02.81
436,1786303096.531004,260864,0.0,1:02.81
437,1786303096.664854,260864,0.0,1:02.81
438,1786303096.802025,260864,0.0,1:02.81
439,1786303096.943209,260864,0.0,1:02.81
440,1786303097.082911,260864,0.0,1:02.81
441,1786303097.228964,260864,0.0,1:02.81
442,1786303097.363158,260864,0.0,1:02.81
443,1786303097.499603,260864,0.0,1:02.81
444,1786303097.640949,260864,0.0,1:02.81
445,1786303097.777780,260864,0.0,1:02.81
446,1786303097.916043,260864,0.0,1:02.81
447,1786303098.048297,260864,0.0,1:02.81
448,1786303098.181718,260864,0.0,1:02.81
449,1786303098.326004,260864,0.0,1:02.81
450,1786303098.464450,260864,0.0,1:02.81
451,1786303098.606053,260864,0.0,1:02.81
452,1786303098.746986,260864,0.0,1:02.81
453,1786303098.878569,260864,0.0,1:02.81
454,1786303099.014202,260864,0.0,1:02.81
455,1786303099.150572,260864,0.0,1:02.81
456,1786303099.291285,260864,0.0,1:02.81
457,1786303099.426789,260864,0.0,1:02.81
458,1786303099.575143,260848,0.0,1:02.81
459,1786303099.719807,260848,0.0,1:02.81
460,1786303099.860565,260848,0.0,1:02.81
461,1786303100.003595,260848,0.0,1:02.81
462,1786303100.149857,260848,0.0,1:02.81
463,1786303100.302038,260848,0.0,1:02.81
464,1786303100.442053,260848,0.0,1:02.81
465,1786303100.589090,260848,0.0,1:02.81
466,1786303100.726919,260848,0.0,1:02.81
467,1786303100.872472,260848,0.0,1:02.81
468,1786303101.014952,260848,0.0,1:02.81
469,1786303101.150763,260848,0.0,1:02.81
470,1786303101.284259,260848,0.0,1:02.81
471,1786303101.412261,260848,0.0,1:02.81
472,1786303101.548993,260848,0.0,1:02.81
473,1786303101.684732,260848,0.0,1:02.81
474,1786303101.823236,260848,0.0,1:02.81
475,1786303101.963714,260848,0.0,1:02.81
476,1786303102.097641,260848,0.0,1:02.81
477,1786303102.232635,260848,0.0,1:02.81
478,1786303102.366390,260848,0.0,1:02.81
479,1786303102.500364,260848,0.0,1:02.81
480,1786303102.642974,260848,0.0,1:02.81
481,1786303102.786874,260848,0.0,1:02.81
482,1786303102.922071,260848,0.0,1:02.81
483,1786303103.061204,260848,0.0,1:02.81
484,1786303103.193678,260848,0.0,1:02.81
485,1786303103.329737,260848,0.0,1:02.81
486,1786303103.463441,260848,0.0,1:02.81
487,1786303103.594262,260848,0.0,1:02.81
488,1786303103.731818,260848,0.0,1:02.81
489,1786303103.873163,260848,0.0,1:02.81
490,1786303104.004034,260848,0.0,1:02.81
491,1786303104.135175,260848,0.0,1:02.81
492,1786303104.275873,260848,0.0,1:02.81
493,1786303104.417449,260848,0.0,1:02.81
494,1786303104.554949,260848,0.0,1:02.81
495,1786303104.698785,260848,0.0,1:02.81
496,1786303104.834381,260848,0.0,1:02.81
497,1786303104.967411,260848,0.0,1:02.81
498,1786303105.097767,260848,0.0,1:02.81
499,1786303105.230957,260848,0.0,1:02.81
500,1786303105.370306,260848,0.0,1:02.81
501,1786303105.514048,260848,0.0,1:02.81
502,1786303105.660952,260848,0.0,1:02.81
503,1786303105.811169,260848,0.0,1:02.81
504,1786303105.949850,260848,0.0,1:02.81
505,1786303106.079333,260848,0.0,1:02.81
506,1786303106.213631,260848,0.0,1:02.81
507,1786303106.343750,260848,0.0,1:02.81
508,1786303106.477228,260848,0.0,1:02.81
509,1786303106.605045,260848,0.0,1:02.81
510,1786303106.733490,260848,0.0,1:02.81
511,1786303106.863995,260848,0.0,1:02.81
512,1786303106.997527,260848,0.0,1:02.81
513,1786303107.129298,260848,0.0,1:02.81
514,1786303107.266445,260848,0.0,1:02.81
515,1786303107.403324,260848,0.0,1:02.81
516,1786303107.549934,260848,0.0,1:02.81
517,1786303107.696281,260848,0.0,1:02.81
518,1786303107.837694,260848,0.0,1:02.81
519,1786303107.985714,260848,0.0,1:02.81
520,1786303108.128557,260848,0.0,1:02.81
521,1786303108.268838,260848,0.0,1:02.81
522,1786303108.397671,260848,0.0,1:02.81
523,1786303108.532847,260848,0.0,1:02.81
524,1786303108.666680,260848,0.0,1:02.81
525,1786303108.806552,260848,0.0,1:02.81
526,1786303108.954294,260848,0.0,1:02.81
527,1786303109.100909,260848,0.0,1:02.81
528,1786303109.246749,260848,0.0,1:02.81
529,1786303109.381754,260848,0.0,1:02.81
530,1786303109.512220,260848,0.0,1:02.81
531,1786303109.650274,260848,0.0,1:02.81
532,1786303109.793376,260848,0.0,1:02.81
533,1786303109.936265,260848,0.0,1:02.81
534,1786303110.074081,260848,0.0,1:02.81
535,1786303110.211708,260848,0.0,1:02.81
536,1786303110.351251,260848,0.0,1:02.81
537,1786303110.497300,260848,0.0,1:02.81
538,1786303110.637405,260848,0.0,1:02.81
539,1786303110.779947,260848,0.0,1:02.81
540,1786303110.923012,260848,0.0,1:02.81
541,1786303111.058714,260848,0.0,1:02.81
542,1786303111.186185,260848,0.0,1:02.81
543,1786303111.321883,260848,0.0,1:02.81
544,1786303111.457533,260848,0.0,1:02.81
545,1786303111.593884,260848,0.0,1:02.81
546,1786303111.730316,260848,0.0,1:02.81
547,1786303111.868465,260848,0.0,1:02.81
548,1786303112.005532,260848,0.0,1:02.81
549,1786303112.134422,260848,0.0,1:02.81
550,1786303112.269801,260848,0.0,1:02.81
551,1786303112.405186,260848,0.0,1:02.81
552,1786303112.545906,260848,0.0,1:02.81
553,1786303112.687275,260848,0.0,1:02.81
554,1786303112.828758,260848,0.0,1:02.81
555,1786303112.968707,260848,0.1,1:02.81
556,1786303113.103745,260848,0.0,1:02.81
557,1786303113.237414,260848,0.0,1:02.81
558,1786303113.365273,260848,0.0,1:02.81
559,1786303113.494151,260848,0.0,1:02.81
560,1786303113.635656,260848,0.0,1:02.81
561,1786303113.775657,260848,0.0,1:02.81
562,1786303113.915714,260848,0.0,1:02.81
563,1786303114.058949,260848,0.0,1:02.81
564,1786303114.198020,260848,0.0,1:02.81
565,1786303114.337258,260848,0.0,1:02.81
566,1786303114.476084,260848,0.0,1:02.81
567,1786303114.610501,260848,0.0,1:02.81
568,1786303114.748974,260848,0.0,1:02.81
569,1786303114.882953,260848,0.1,1:02.81
570,1786303115.009955,260848,0.0,1:02.81
571,1786303115.141742,260848,0.0,1:02.81
572,1786303115.276106,260848,0.0,1:02.81
573,1786303115.405178,260848,0.0,1:02.81
574,1786303115.539043,260848,0.0,1:02.81
575,1786303115.674040,260848,0.0,1:02.81
576,1786303115.814193,260848,0.0,1:02.81
577,1786303115.953497,260848,0.0,1:02.81
578,1786303116.100366,260848,0.0,1:02.81
579,1786303116.243478,260848,0.0,1:02.81
580,1786303116.381419,260848,0.0,1:02.81
581,1786303116.509437,260848,0.0,1:02.81
582,1786303116.645277,260848,0.0,1:02.81
583,1786303116.783297,260848,0.0,1:02.81
584,1786303116.925589,260848,0.0,1:02.81
585,1786303117.060975,260848,0.0,1:02.81
586,1786303117.190497,260848,0.0,1:02.81
587,1786303117.325668,260848,0.0,1:02.81
588,1786303117.458034,260848,0.0,1:02.81
589,1786303117.592422,260848,0.0,1:02.81
590,1786303117.724032,260848,0.0,1:02.81
591,1786303117.855436,260848,0.0,1:02.81
592,1786303117.985334,260848,0.0,1:02.81
593,1786303118.118058,260848,0.0,1:02.81
594,1786303118.253987,260848,0.0,1:02.81
595,1786303118.393892,260848,0.0,1:02.81
596,1786303118.532866,260848,0.0,1:02.81
597,1786303118.666334,260800,0.0,1:02.81
598,1786303118.806697,260800,0.0,1:02.81
599,1786303118.942792,260800,0.0,1:02.81
600,1786303119.071798,260800,0.0,1:02.81
601,1786303119.204253,260800,0.0,1:02.81
602,1786303119.343368,260800,0.0,1:02.81
603,1786303119.481901,260800,0.0,1:02.81
604,1786303119.625305,260800,0.0,1:02.81
605,1786303119.768313,260800,0.0,1:02.81
606,1786303119.910425,260800,0.0,1:02.81
607,1786303120.044557,260800,0.0,1:02.81
608,1786303120.177894,260800,0.0,1:02.81
609,1786303120.307769,260800,0.0,1:02.81
610,1786303120.435664,260800,0.0,1:02.81
611,1786303120.564874,260800,0.0,1:02.81
612,1786303120.732166,260800,0.0,1:02.81
613,1786303120.868902,260800,0.0,1:02.81
614,1786303121.009385,260800,0.0,1:02.81
615,1786303121.161681,260800,0.0,1:02.81
616,1786303121.321501,260800,0.0,1:02.81
617,1786303121.467357,260800,0.0,1:02.81
618,1786303121.616424,260800,0.0,1:02.81
619,1786303121.767687,260800,0.0,1:02.81
620,1786303121.915987,260800,0.0,1:02.81
621,1786303122.061033,260800,0.0,1:02.81
622,1786303122.205023,260800,0.0,1:02.81
623,1786303122.348058,260800,0.0,1:02.81
624,1786303122.485660,260800,0.0,1:02.81
625,1786303122.627089,260800,0.0,1:02.81
626,1786303122.765443,260800,0.0,1:02.81
627,1786303122.902942,260800,0.0,1:02.81
628,1786303123.041589,260800,0.0,1:02.81
629,1786303123.177812,260800,0.0,1:02.81
630,1786303123.313774,260800,0.0,1:02.81
631,1786303123.451327,260800,0.0,1:02.81
632,1786303123.592951,260800,0.0,1:02.81
633,1786303123.726313,260800,0.0,1:02.81
634,1786303123.858907,260800,0.0,1:02.81
635,1786303123.988733,260800,0.0,1:02.81
636,1786303124.118625,260800,0.0,1:02.81
637,1786303124.252893,260800,0.0,1:02.81
638,1786303124.383588,260800,0.0,1:02.81
639,1786303124.518447,260800,0.0,1:02.81
640,1786303124.651527,260800,0.0,1:02.81
641,1786303124.792443,260800,0.0,1:02.81
642,1786303124.928311,260800,0.0,1:02.81
643,1786303125.067997,260800,0.0,1:02.81
644,1786303125.208186,260800,0.0,1:02.81
645,1786303125.350289,260800,0.0,1:02.81
646,1786303125.487423,260800,0.0,1:02.81
647,1786303125.623885,260800,0.0,1:02.81
648,1786303125.767204,260800,0.0,1:02.81
649,1786303125.908265,260800,0.0,1:02.81
650,1786303126.057113,260848,0.0,1:02.81
651,1786303126.198965,260848,0.0,1:02.81
652,1786303126.338053,260848,0.0,1:02.81
653,1786303126.486600,260848,0.0,1:02.81
654,1786303126.635392,260848,0.0,1:02.81
655,1786303126.777063,260848,0.0,1:02.81
656,1786303126.922074,260848,0.1,1:02.82
657,1786303127.067120,260848,0.0,1:02.82
658,1786303127.214311,260848,0.0,1:02.82
659,1786303127.354273,260848,0.0,1:02.82
660,1786303127.496963,260848,0.0,1:02.82
661,1786303127.634258,260848,0.0,1:02.82
662,1786303127.769577,260848,0.0,1:02.82
663,1786303127.900818,260848,0.0,1:02.82
664,1786303128.031386,260848,0.0,1:02.82
665,1786303128.161850,260848,0.0,1:02.82
666,1786303128.292699,260848,0.0,1:02.82
667,1786303128.419036,260848,0.0,1:02.82
668,1786303128.543544,260848,0.0,1:02.82
669,1786303128.674826,260848,0.0,1:02.82
670,1786303128.802000,260848,0.0,1:02.82
671,1786303128.932051,260848,0.0,1:02.82
672,1786303129.059974,260848,0.0,1:02.82
673,1786303129.191972,260848,0.0,1:02.82
674,1786303129.326860,260848,0.0,1:02.82
675,1786303129.466532,260848,0.0,1:02.82
676,1786303129.608813,260848,0.0,1:02.82
677,1786303129.742384,260848,0.0,1:02.82
678,1786303129.884408,260848,0.0,1:02.82
679,1786303130.026872,260848,0.0,1:02.82
680,1786303130.168776,260848,0.0,1:02.82
681,1786303130.308480,260848,0.0,1:02.82
682,1786303130.450552,260848,0.0,1:02.82
683,1786303130.588894,260848,0.0,1:02.82
684,1786303130.722464,260848,0.0,1:02.82
685,1786303130.857184,260848,0.0,1:02.82
686,1786303130.985476,260848,0.0,1:02.82
687,1786303131.125192,260848,0.0,1:02.82
688,1786303131.259522,260848,0.0,1:02.82
689,1786303131.394583,260848,0.0,1:02.82
690,1786303131.532286,260848,0.0,1:02.82
691,1786303131.674596,260848,0.0,1:02.82
692,1786303131.816868,260848,0.0,1:02.82
693,1786303131.957999,260848,0.0,1:02.82
694,1786303132.090012,260848,0.0,1:02.82
695,1786303132.224658,260848,0.0,1:02.82
696,1786303132.365420,260848,0.0,1:02.82
697,1786303132.500652,260864,0.1,1:02.82
698,1786303132.637678,260864,0.1,1:02.82
699,1786303132.769545,260864,0.0,1:02.82
700,1786303132.910760,260864,0.0,1:02.82
701,1786303133.050139,260864,0.0,1:02.82
702,1786303133.185969,260864,0.0,1:02.82
703,1786303133.318765,260864,0.0,1:02.82
704,1786303133.449608,260864,0.0,1:02.82
705,1786303133.581256,260864,0.0,1:02.82
706,1786303133.717574,260864,0.0,1:02.82
707,1786303133.852660,260864,0.0,1:02.82
708,1786303133.985503,260864,0.0,1:02.82
709,1786303134.118810,260864,0.0,1:02.82
710,1786303134.248488,260864,0.0,1:02.82
711,1786303134.385111,260864,0.0,1:02.82
712,1786303134.526567,260864,0.0,1:02.82
713,1786303134.668699,260864,0.0,1:02.82
714,1786303134.805482,260864,0.0,1:02.82
715,1786303134.945037,260864,0.0,1:02.82
716,1786303135.091349,260864,0.0,1:02.82
717,1786303135.237030,260864,0.0,1:02.82
718,1786303135.377773,260864,0.0,1:02.82
719,1786303135.518364,260864,0.0,1:02.82
720,1786303135.728487,260864,0.0,1:02.82
721,1786303135.886418,260864,0.0,1:02.82
722,1786303136.026770,260864,0.0,1:02.82
723,1786303136.170488,260864,0.0,1:02.82
724,1786303136.317057,260864,0.0,1:02.82
725,1786303136.462505,260864,0.0,1:02.82
726,1786303136.612842,260864,0.0,1:02.82
727,1786303136.828621,260864,0.0,1:02.82
728,1786303137.027835,260864,0.0,1:02.82
729,1786303137.217461,260864,0.0,1:02.82
730,1786303137.391635,260864,0.0,1:02.82
731,1786303137.543419,260864,0.0,1:02.82
732,1786303137.708578,260864,0.0,1:02.82
733,1786303137.875301,260864,0.0,1:02.82
734,1786303138.043313,260864,0.0,1:02.82
735,1786303138.196496,260864,0.0,1:02.82
736,1786303138.367981,260864,0.0,1:02.82
737,1786303138.534410,260864,0.0,1:02.82
738,1786303138.678978,260864,0.0,1:02.82
739,1786303138.822170,260864,0.0,1:02.82
740,1786303138.966674,260864,0.0,1:02.82
741,1786303139.106811,260864,0.0,1:02.82
742,1786303139.246020,260864,0.0,1:02.82
743,1786303139.379832,260864,0.0,1:02.82
744,1786303139.509652,260864,0.0,1:02.82
745,1786303139.636810,260864,0.0,1:02.82
746,1786303139.764257,260864,0.0,1:02.82
747,1786303139.890210,260864,0.0,1:02.82
748,1786303140.017164,260864,0.0,1:02.82
749,1786303140.141575,260864,0.0,1:02.82
750,1786303140.265118,260864,0.0,1:02.82
751,1786303140.392289,260864,0.0,1:02.82
752,1786303140.519138,260864,0.0,1:02.82
753,1786303140.646483,260864,0.0,1:02.82
754,1786303140.779125,260864,0.0,1:02.82
755,1786303140.910526,260864,0.0,1:02.82
756,1786303141.043102,260864,0.0,1:02.82
757,1786303141.177113,260864,0.0,1:02.82
758,1786303141.316292,260864,0.0,1:02.82
759,1786303141.457132,260864,0.0,1:02.82
760,1786303141.593491,260864,0.0,1:02.82
761,1786303141.727433,260864,0.0,1:02.82
762,1786303141.869604,260864,0.0,1:02.82
763,1786303142.007829,260864,0.0,1:02.82
764,1786303142.149631,260864,0.0,1:02.82
765,1786303142.291703,260864,0.0,1:02.82
766,1786303142.430828,260864,0.0,1:02.82
767,1786303142.568141,260928,0.0,1:02.82
768,1786303142.717424,260944,1.0,1:02.82
769,1786303142.859729,260944,0.3,1:02.82
770,1786303142.997661,260944,0.2,1:02.82
771,1786303143.129014,260944,0.1,1:02.82
772,1786303143.264097,260944,0.0,1:02.82
773,1786303143.396771,260944,0.0,1:02.82
774,1786303143.534789,260976,0.0,1:02.83
775,1786303143.663556,260976,0.0,1:02.83
776,1786303143.796781,260976,0.0,1:02.83
777,1786303143.927302,260976,0.0,1:02.83
778,1786303144.060278,260976,0.0,1:02.83
779,1786303144.192097,260976,0.0,1:02.83
780,1786303144.324076,260976,0.0,1:02.83
781,1786303144.455029,260976,0.0,1:02.83
782,1786303144.586770,260976,0.0,1:02.83
783,1786303144.720703,260976,0.0,1:02.83
784,1786303144.854593,260976,0.0,1:02.83
785,1786303144.991796,260976,0.0,1:02.83
786,1786303145.126842,260976,0.0,1:02.83
787,1786303145.264775,260976,0.0,1:02.83
788,1786303145.399913,260976,0.0,1:02.83
789,1786303145.532895,260976,0.0,1:02.83
790,1786303145.666369,260976,0.3,1:02.83
791,1786303145.807672,260976,0.2,1:02.83
792,1786303145.947362,260976,0.1,1:02.83
793,1786303146.087160,260976,0.1,1:02.83
794,1786303146.226166,260976,0.0,1:02.83
795,1786303146.367035,260976,0.0,1:02.83
796,1786303146.507614,260976,0.0,1:02.83
797,1786303146.644104,260960,0.0,1:02.83
798,1786303146.811608,260960,0.0,1:02.83
799,1786303146.949918,260960,0.0,1:02.83
800,1786303147.096653,260960,0.0,1:02.83
801,1786303147.235000,260960,0.0,1:02.83
802,1786303147.379546,260960,0.0,1:02.83
803,1786303147.520605,260960,0.0,1:02.83
804,1786303147.669539,260960,0.0,1:02.83
805,1786303147.811746,260960,0.0,1:02.83
806,1786303147.955965,260960,0.0,1:02.83
807,1786303148.109883,260960,0.0,1:02.83
808,1786303148.251334,260960,0.0,1:02.83
809,1786303148.393794,260960,0.0,1:02.83
810,1786303148.534788,260960,0.0,1:02.83
811,1786303148.666070,260960,0.0,1:02.83
812,1786303148.795993,260960,0.0,1:02.83
813,1786303148.926591,260960,0.0,1:02.83
814,1786303149.053440,260960,0.0,1:02.83
815,1786303149.180907,260960,0.0,1:02.83
816,1786303149.312583,260960,0.0,1:02.83
817,1786303149.441651,260960,0.0,1:02.83
818,1786303149.573591,260960,0.0,1:02.83
819,1786303149.704354,260960,0.0,1:02.83
820,1786303149.833071,260960,0.0,1:02.83
821,1786303149.962256,260960,0.0,1:02.83
822,1786303150.099234,260960,0.0,1:02.83
823,1786303150.242103,260960,0.0,1:02.83
824,1786303150.381747,260960,0.0,1:02.83
825,1786303150.519937,260960,0.0,1:02.83
826,1786303150.656689,260960,0.0,1:02.83
827,1786303150.795137,260960,0.0,1:02.83
828,1786303150.931816,260912,0.0,1:02.83
829,1786303151.070797,260912,0.0,1:02.83
830,1786303151.216403,260912,0.0,1:02.83
831,1786303151.358569,260912,0.0,1:02.83
832,1786303151.498600,260912,0.0,1:02.83
833,1786303151.636495,260912,0.0,1:02.83
834,1786303151.776914,260896,0.0,1:02.83
835,1786303151.918760,260896,0.0,1:02.83
836,1786303152.049984,260896,0.0,1:02.83
837,1786303152.184692,260896,0.0,1:02.83
838,1786303152.322236,260896,0.0,1:02.83
839,1786303152.457492,260896,0.0,1:02.83
840,1786303152.588481,260912,0.0,1:02.83
841,1786303152.717774,260912,0.1,1:02.83
842,1786303152.846411,260912,0.0,1:02.83
843,1786303152.974848,260912,0.0,1:02.83
844,1786303153.107461,260912,0.0,1:02.83
845,1786303153.239810,260912,0.0,1:02.83
846,1786303153.372144,260912,0.0,1:02.83
847,1786303153.498742,260912,0.0,1:02.83
848,1786303153.633242,260912,0.0,1:02.83
849,1786303153.774567,260912,0.0,1:02.83
850,1786303153.926231,260912,0.0,1:02.83
851,1786303154.064416,260912,0.0,1:02.83
852,1786303154.202223,260912,0.0,1:02.83
853,1786303154.343007,260912,0.0,1:02.83
854,1786303154.480277,260912,0.0,1:02.83
855,1786303154.614914,260912,0.0,1:02.83
856,1786303154.754775,260912,0.0,1:02.83
857,1786303154.889613,260912,0.1,1:02.83
858,1786303155.022318,260912,0.0,1:02.83
859,1786303155.152823,260912,0.0,1:02.83
860,1786303155.287286,260912,0.0,1:02.83
861,1786303155.418039,260912,0.0,1:02.83
862,1786303155.550205,260912,0.0,1:02.83
863,1786303155.683968,260912,0.1,1:02.83
864,1786303155.819251,260912,0.0,1:02.83
865,1786303155.952027,260912,0.0,1:02.83
866,1786303156.085355,260912,0.0,1:02.83
867,1786303156.221575,260912,0.0,1:02.83
868,1786303156.358825,260912,0.0,1:02.83
869,1786303156.490186,260912,0.0,1:02.83
870,1786303156.625642,260912,0.0,1:02.83
871,1786303156.765733,260912,0.0,1:02.83
872,1786303156.902877,260912,0.0,1:02.83
873,1786303157.036373,260912,0.0,1:02.83
874,1786303157.168654,260912,0.0,1:02.83
875,1786303157.299954,260912,0.0,1:02.83
876,1786303157.427317,260912,0.0,1:02.83
877,1786303157.562299,260912,0.0,1:02.83
878,1786303157.697612,260912,0.0,1:02.83
879,1786303157.836420,260912,0.0,1:02.83
880,1786303157.976423,260912,0.0,1:02.83
881,1786303158.114322,260912,0.0,1:02.83
882,1786303158.247892,260912,0.0,1:02.83
883,1786303158.383705,260912,0.0,1:02.83
884,1786303158.520963,260912,0.0,1:02.83
885,1786303158.653852,260912,0.0,1:02.83
886,1786303158.792309,260912,0.0,1:02.83
887,1786303158.935719,260912,0.0,1:02.83
888,1786303159.073177,260912,0.0,1:02.83
889,1786303159.208042,260912,0.0,1:02.83
890,1786303159.341433,260912,0.0,1:02.83
891,1786303159.472169,260912,0.0,1:02.83
892,1786303159.606074,260912,0.0,1:02.83
893,1786303159.739775,260912,0.0,1:02.83
894,1786303159.891701,260912,0.0,1:02.83
895,1786303160.036823,260912,0.0,1:02.83
896,1786303160.171841,260912,0.0,1:02.83
897,1786303160.304816,260912,0.0,1:02.83
898,1786303160.434154,260912,0.0,1:02.83
899,1786303160.568634,260912,0.0,1:02.83
900,1786303160.701387,260896,0.0,1:02.83
901,1786303160.831854,260896,0.0,1:02.83
902,1786303160.965480,260896,0.0,1:02.83
903,1786303161.099462,260896,0.0,1:02.83
904,1786303161.228053,260896,0.0,1:02.83
905,1786303161.364372,260896,0.0,1:02.83
906,1786303161.500125,260896,0.0,1:02.83
907,1786303161.636390,260896,0.0,1:02.83
908,1786303161.776754,260896,0.0,1:02.83
909,1786303161.919306,260896,0.0,1:02.83
910,1786303162.063941,260896,0.0,1:02.83
911,1786303162.202844,260896,0.0,1:02.83
912,1786303162.342634,260896,0.0,1:02.83
913,1786303162.483796,260896,0.0,1:02.83
914,1786303162.619921,260896,0.0,1:02.83
915,1786303162.757093,260896,0.0,1:02.83
916,1786303162.898638,260896,0.1,1:02.83
917,1786303163.032599,260896,0.0,1:02.83
918,1786303163.170977,260896,0.0,1:02.83
919,1786303163.303523,260896,0.0,1:02.83
920,1786303163.435840,260896,0.0,1:02.83
921,1786303163.567125,260896,0.0,1:02.83
922,1786303163.702123,260896,0.0,1:02.83
923,1786303163.841807,260896,0.0,1:02.83
924,1786303163.976242,260896,0.0,1:02.83
925,1786303164.108098,260896,0.0,1:02.83
926,1786303164.236662,260896,0.0,1:02.83
927,1786303164.363563,260896,0.0,1:02.83
928,1786303164.494932,260896,0.0,1:02.83
929,1786303164.630534,260896,0.0,1:02.83
930,1786303164.768178,260896,0.0,1:02.83
931,1786303164.918578,260896,0.0,1:02.83
932,1786303165.056990,260896,0.0,1:02.83
933,1786303165.197534,260896,0.0,1:02.83
934,1786303165.334902,260896,0.0,1:02.83
935,1786303165.472759,260896,0.0,1:02.83
936,1786303165.609091,260896,0.0,1:02.83
937,1786303165.741262,260896,0.0,1:02.83
938,1786303165.873165,260896,0.0,1:02.83
939,1786303166.000333,260896,0.0,1:02.83
940,1786303166.135012,260896,0.0,1:02.83
941,1786303166.269795,260896,0.0,1:02.83
942,1786303166.403671,260896,0.0,1:02.83
943,1786303166.540318,260896,0.0,1:02.83
944,1786303166.677080,260896,0.0,1:02.83
945,1786303166.818442,260896,0.0,1:02.83
946,1786303166.959847,260896,0.0,1:02.83
947,1786303167.098506,260896,0.0,1:02.83
948,1786303167.227423,260896,0.0,1:02.83
949,1786303167.362347,260896,0.0,1:02.83
950,1786303167.502106,260896,0.0,1:02.83
951,1786303167.653085,260896,0.0,1:02.83
952,1786303167.784904,260896,0.0,1:02.83
953,1786303167.916132,260896,0.0,1:02.83
954,1786303168.044525,260896,0.0,1:02.83
955,1786303168.174158,260896,0.0,1:02.83
956,1786303168.303880,260896,0.0,1:02.83
957,1786303168.435518,260896,0.0,1:02.83
958,1786303168.567070,260896,0.0,1:02.83
959,1786303168.700784,260896,0.0,1:02.83
960,1786303168.842029,260896,0.0,1:02.84
961,1786303168.982057,260896,0.1,1:02.84
962,1786303169.118536,260896,0.0,1:02.84
963,1786303169.262109,260896,0.0,1:02.84
964,1786303169.405757,260896,0.0,1:02.84
965,1786303169.548256,260896,0.0,1:02.84
966,1786303169.691701,260896,0.0,1:02.84
967,1786303169.830094,260896,0.0,1:02.84
968,1786303169.972400,260896,0.0,1:02.84
969,1786303170.111249,260896,0.0,1:02.84
970,1786303170.248956,260896,0.0,1:02.84
971,1786303170.387985,260896,0.0,1:02.84
972,1786303170.519884,260896,0.0,1:02.84
973,1786303170.649893,260896,0.0,1:02.84
974,1786303170.783643,260896,0.0,1:02.84
975,1786303170.913995,260896,0.0,1:02.84
976,1786303171.044583,260896,0.0,1:02.84
977,1786303171.181134,260896,0.0,1:02.84
978,1786303171.506169,260896,0.0,1:02.84
979,1786303171.841733,260896,0.0,1:02.84
980,1786303172.398317,260896,0.0,1:02.84
981,1786303172.561719,260912,0.0,1:02.84
982,1786303172.711995,260912,0.0,1:02.84
983,1786303172.860690,260912,0.0,1:02.84
984,1786303173.012075,260912,0.0,1:02.84
985,1786303173.192730,260912,0.0,1:02.84
986,1786303173.348372,260912,0.0,1:02.84
987,1786303173.493877,260912,0.0,1:02.84
988,1786303173.636283,260912,0.0,1:02.84
989,1786303173.781919,260912,0.0,1:02.84
990,1786303173.925290,260912,0.0,1:02.84
991,1786303174.060715,260912,0.0,1:02.84
992,1786303174.188434,260912,0.0,1:02.84
993,1786303174.320231,260912,0.0,1:02.84
994,1786303174.445792,260912,0.0,1:02.84
995,1786303174.577085,260912,0.0,1:02.84
996,1786303174.707763,260912,0.0,1:02.84
997,1786303174.834653,260912,0.0,1:02.84
998,1786303174.965452,260912,0.0,1:02.84
999,1786303175.093421,260912,0.0,1:02.84
1000,1786303175.225124,260912,0.0,1:02.84
1001,1786303175.357358,260912,0.0,1:02.84
1002,1786303175.484643,260912,0.0,1:02.84
1003,1786303175.612056,260912,0.0,1:02.84
1004,1786303175.755600,260912,0.0,1:02.84
1005,1786303175.898414,260912,0.0,1:02.84
1006,1786303176.035799,260912,0.0,1:02.84
1007,1786303176.177430,260912,0.0,1:02.84
1008,1786303176.317517,260912,0.0,1:02.84
1009,1786303176.453520,260912,0.0,1:02.84
1010,1786303176.587434,260912,0.0,1:02.84
1011,1786303176.724516,260912,0.0,1:02.84
1012,1786303176.865686,260912,0.0,1:02.84
1013,1786303177.002138,260912,0.0,1:02.84
1014,1786303177.143600,260912,0.0,1:02.84
1015,1786303177.276537,260912,0.0,1:02.84
1016,1786303177.407094,260912,0.0,1:02.84
1017,1786303177.544970,260912,0.0,1:02.84
1018,1786303177.682226,260912,0.0,1:02.84
1019,1786303177.823524,260912,0.0,1:02.84
1020,1786303177.960437,260912,0.0,1:02.84
1021,1786303178.095578,260912,0.0,1:02.84
1022,1786303178.229636,260912,0.0,1:02.84
1023,1786303178.361685,260912,0.0,1:02.84
1024,1786303178.489469,260912,0.0,1:02.84
1025,1786303178.622331,260912,0.0,1:02.84
1026,1786303178.769215,260912,0.0,1:02.84
1027,1786303178.902803,260912,0.1,1:02.84
1028,1786303179.034123,260912,0.0,1:02.84
1029,1786303179.163444,260912,0.0,1:02.84
1030,1786303179.296180,260912,0.0,1:02.84
1031,1786303179.427897,260912,0.0,1:02.84
1032,1786303179.564060,260912,0.0,1:02.84
1033,1786303179.703616,260912,0.0,1:02.84
1034,1786303179.845540,260912,0.0,1:02.84
1035,1786303179.988881,260912,0.0,1:02.84
1036,1786303180.130992,260912,0.0,1:02.84
1037,1786303180.268496,260912,0.0,1:02.84
1038,1786303180.406633,260912,0.0,1:02.84
1039,1786303180.542496,260912,0.0,1:02.84
1040,1786303180.671144,260912,0.0,1:02.84
1041,1786303180.803474,260912,0.0,1:02.84
1042,1786303180.934905,260912,0.0,1:02.84
1043,1786303181.064387,260912,0.0,1:02.84
1044,1786303181.194907,260912,0.0,1:02.84
1045,1786303181.334939,260912,0.0,1:02.84
1046,1786303181.479153,260912,0.0,1:02.84
1047,1786303181.619696,260912,0.0,1:02.84
1048,1786303181.762098,260912,0.0,1:02.84
1049,1786303181.899412,260912,0.0,1:02.84
1050,1786303182.032943,260912,0.0,1:02.84
1051,1786303182.176272,260912,0.0,1:02.84
1052,1786303182.311583,260912,0.0,1:02.84
1053,1786303182.445935,260912,0.0,1:02.84
1054,1786303182.578228,260912,0.0,1:02.84
1055,1786303182.709467,260912,0.0,1:02.84
1056,1786303182.843858,260912,0.0,1:02.84
1057,1786303182.970992,260912,0.0,1:02.84
1058,1786303183.108698,260912,0.0,1:02.84
1059,1786303183.244052,260912,0.0,1:02.84
1060,1786303183.374725,260912,0.0,1:02.84
1061,1786303183.511096,260896,0.0,1:02.84
1062,1786303183.647901,260896,0.0,1:02.84
1063,1786303183.968774,260896,0.0,1:02.84
1064,1786303184.344031,260896,0.0,1:02.84
1065,1786303184.558795,260896,0.0,1:02.84
1066,1786303184.811070,260896,0.0,1:02.84
1067,1786303185.101004,260896,0.0,1:02.84
1068,1786303185.396064,260896,0.0,1:02.84
1069,1786303185.550047,260896,0.0,1:02.84
1070,1786303185.708507,260896,0.0,1:02.84
1071,1786303185.944269,260896,0.0,1:02.84
1072,1786303186.205491,260896,0.0,1:02.84
1073,1786303186.451019,260896,0.0,1:02.84
1074,1786303186.711171,260896,0.0,1:02.84
1075,1786303186.915940,260896,0.0,1:02.84
1076,1786303187.143161,260896,0.0,1:02.84
1077,1786303187.396960,260896,0.0,1:02.84
1078,1786303187.569284,260896,0.0,1:02.84
1079,1786303187.729316,260896,0.0,1:02.84
1080,1786303187.875427,260896,0.0,1:02.84
1081,1786303188.019125,260896,0.0,1:02.84
1082,1786303188.161102,260896,0.0,1:02.84
1083,1786303188.301685,260896,0.0,1:02.84
1084,1786303188.477876,260896,0.0,1:02.84
1085,1786303188.707976,260896,0.0,1:02.84
1086,1786303188.928072,260896,0.0,1:02.84
1087,1786303189.142612,260896,0.0,1:02.84
1088,1786303189.287023,260896,0.0,1:02.84
1089,1786303189.431841,260896,0.0,1:02.84
1090,1786303189.575022,260896,0.0,1:02.84
1091,1786303189.713538,260896,0.0,1:02.84
1092,1786303189.849637,260896,0.0,1:02.84
1093,1786303189.980536,260896,0.0,1:02.84
1094,1786303190.114481,260896,0.0,1:02.84
1095,1786303190.256951,260896,0.0,1:02.84
1096,1786303190.437947,260896,0.0,1:02.84
1097,1786303190.680556,260896,0.0,1:02.84
1098,1786303190.907270,260896,0.0,1:02.84
1099,1786303191.105726,260896,0.0,1:02.84
1100,1786303191.287371,260896,0.0,1:02.84
1101,1786303191.472836,260896,0.0,1:02.84
1102,1786303191.668946,260896,0.0,1:02.84
1103,1786303191.859547,260896,0.0,1:02.84
1104,1786303192.040722,260896,0.0,1:02.84
1105,1786303192.217119,260896,0.0,1:02.84
1106,1786303192.389484,260896,0.0,1:02.84
1107,1786303192.549416,260896,0.0,1:02.84
1108,1786303192.738543,260896,0.0,1:02.84
1109,1786303192.902581,260896,0.0,1:02.84
1110,1786303193.071211,260896,0.0,1:02.84
1111,1786303193.241777,260896,0.0,1:02.84
1112,1786303193.446602,260896,0.0,1:02.84
1113,1786303193.639393,260896,0.0,1:02.84
1114,1786303193.795079,260896,0.0,1:02.84
1115,1786303193.963036,260896,0.0,1:02.84
1116,1786303194.118093,260896,0.0,1:02.84
1117,1786303194.284448,260896,0.0,1:02.84
1118,1786303194.464873,260896,0.0,1:02.84
1119,1786303194.643468,260896,0.0,1:02.84
1120,1786303194.835751,260896,0.0,1:02.84
1121,1786303195.002668,260896,0.0,1:02.84
1122,1786303195.194265,260896,0.0,1:02.84
1123,1786303195.360171,260896,0.0,1:02.84
1124,1786303195.530289,260896,0.0,1:02.84
1125,1786303195.705248,260896,0.0,1:02.84
1126,1786303195.871424,260896,0.0,1:02.84
1127,1786303196.025196,260896,0.0,1:02.84
1128,1786303196.180701,260896,0.0,1:02.84
1129,1786303196.330194,260896,0.0,1:02.84
1130,1786303196.479040,260896,0.0,1:02.84
1131,1786303196.644185,260896,0.0,1:02.84
1132,1786303196.794617,260896,0.0,1:02.84
1133,1786303196.939169,260896,0.1,1:02.84
1134,1786303197.085459,260896,0.0,1:02.84
1135,1786303197.224618,260896,0.0,1:02.84
1136,1786303197.360900,260896,0.0,1:02.84
1137,1786303197.514405,260896,0.0,1:02.84
1138,1786303197.671116,260896,0.0,1:02.84
1139,1786303197.828867,260896,0.0,1:02.84
1140,1786303197.975820,260896,0.1,1:02.84
1141,1786303198.129128,260896,0.0,1:02.84
1142,1786303198.283876,260896,0.0,1:02.84
1143,1786303198.440147,260896,0.0,1:02.84
1144,1786303198.616415,260896,0.0,1:02.84
1145,1786303198.773030,260896,0.0,1:02.84
1146,1786303198.923722,260896,0.0,1:02.85
1147,1786303199.093907,260896,0.0,1:02.85
1148,1786303199.243614,260896,0.0,1:02.85
1149,1786303199.398015,260896,0.0,1:02.85
1150,1786303199.546786,260896,0.0,1:02.85
1151,1786303199.705665,260896,0.0,1:02.85
1152,1786303199.854629,260896,0.0,1:02.85
1153,1786303199.997780,260896,0.0,1:02.85
1154,1786303200.139027,260896,0.0,1:02.85
1155,1786303200.281151,260896,0.0,1:02.85
1156,1786303200.415710,260896,0.0,1:02.85
1157,1786303200.550660,260896,0.0,1:02.85
1158,1786303200.682369,260896,0.0,1:02.85
1159,1786303200.819127,260896,0.0,1:02.85
1160,1786303200.954510,260896,0.0,1:02.85
1161,1786303201.091237,260896,0.0,1:02.85
1162,1786303201.228035,260896,0.0,1:02.85
1163,1786303201.361207,260896,0.0,1:02.85
1164,1786303201.499397,260896,0.0,1:02.85
1165,1786303201.710548,260896,0.0,1:02.85
1166,1786303201.903303,260896,0.0,1:02.85
1167,1786303202.113395,260896,0.0,1:02.85
1168,1786303202.291040,260896,0.0,1:02.85
1169,1786303202.466842,260896,0.0,1:02.85
1170,1786303202.674417,260896,0.0,1:02.85
1171,1786303202.829041,260896,0.0,1:02.85
1172,1786303202.992677,260896,0.0,1:02.85
1173,1786303203.163721,260896,0.0,1:02.85
1174,1786303203.333302,260896,0.0,1:02.85
1175,1786303203.510740,260896,0.0,1:02.85
1176,1786303203.697785,260896,0.0,1:02.85
1177,1786303203.858444,260896,0.0,1:02.85
1178,1786303204.024645,260896,0.0,1:02.85
1179,1786303204.178685,260896,0.0,1:02.85
1180,1786303204.329594,260896,0.0,1:02.85
1181,1786303204.588541,260896,0.0,1:02.85
1182,1786303204.875562,260896,0.0,1:02.85
1183,1786303205.039973,260896,0.0,1:02.85
1184,1786303205.196764,260896,0.0,1:02.85
1185,1786303205.349272,260896,0.0,1:02.85
1186,1786303205.538959,260896,0.0,1:02.85
1187,1786303205.710857,260896,0.0,1:02.85
1188,1786303205.872627,260848,0.0,1:02.85
1189,1786303206.023731,260848,0.0,1:02.85
1190,1786303206.186904,260848,0.0,1:02.85
1191,1786303206.339818,260848,0.0,1:02.85
1192,1786303206.494789,260848,0.0,1:02.85
1193,1786303206.668285,260608,0.0,1:02.85
1194,1786303206.833529,260608,0.1,1:02.85
1195,1786303206.992215,260608,0.1,1:02.85
1196,1786303207.167424,260608,0.0,1:02.85
1197,1786303207.315517,260608,0.0,1:02.85
1198,1786303207.468964,260608,0.0,1:02.85
1199,1786303207.629159,260608,0.0,1:02.85
1200,1786303207.777413,260608,0.0,1:02.85
1201,1786303207.927598,260608,0.0,1:02.85
1202,1786303208.074960,260608,0.0,1:02.85
1203,1786303208.226599,260608,0.0,1:02.85
1204,1786303208.375906,260608,0.0,1:02.85
1205,1786303208.524960,260608,0.0,1:02.85
1206,1786303208.684227,260608,0.0,1:02.85
1207,1786303208.845911,260608,0.0,1:02.85
1208,1786303208.995841,260608,0.0,1:02.85
1209,1786303209.130990,260608,0.0,1:02.85
1210,1786303209.269573,260608,0.0,1:02.85
1211,1786303209.411540,260608,0.0,1:02.85
1212,1786303209.552592,260608,0.0,1:02.85
1213,1786303209.701380,260608,0.0,1:02.85
1214,1786303209.843281,260608,0.0,1:02.85
1215,1786303209.984027,260608,0.1,1:02.85
1216,1786303210.120724,260608,0.0,1:02.85
1217,1786303210.257944,260608,0.0,1:02.85
1218,1786303210.394231,260608,0.0,1:02.85
1219,1786303210.531690,260608,0.0,1:02.85
1220,1786303210.673202,260608,0.0,1:02.85
1221,1786303210.807955,260608,0.0,1:02.85
1222,1786303210.951410,260608,0.0,1:02.85
1223,1786303211.095264,260608,0.0,1:02.85
1224,1786303211.241644,260608,0.0,1:02.85
1225,1786303211.385389,260608,0.0,1:02.85
1226,1786303211.531294,260624,0.0,1:02.85
1227,1786303211.676017,260624,0.0,1:02.85
1228,1786303211.821087,260624,0.0,1:02.85
1229,1786303211.965189,260624,0.0,1:02.85
1230,1786303212.110703,260624,0.0,1:02.85
1231,1786303212.257596,260624,0.0,1:02.85
1232,1786303212.401082,260624,0.0,1:02.85
1233,1786303212.543686,260624,0.0,1:02.85
1234,1786303212.685270,260624,0.0,1:02.85
1235,1786303212.827120,260624,0.0,1:02.85
1236,1786303212.969092,259328,0.0,1:02.85
1237,1786303213.101831,259328,0.0,1:02.85
1238,1786303213.231254,259328,0.0,1:02.85
1239,1786303213.357157,259328,0.0,1:02.85
1240,1786303213.484373,259328,0.0,1:02.85
1241,1786303213.615018,259328,0.0,1:02.85
1242,1786303213.754922,259328,0.0,1:02.85
1243,1786303213.884212,259328,0.0,1:02.85
1244,1786303214.015382,259328,0.1,1:02.85
1245,1786303214.148677,259328,0.0,1:02.85
1246,1786303214.280910,259328,0.0,1:02.85
1247,1786303214.411322,259328,0.0,1:02.85
1248,1786303214.538486,259328,0.0,1:02.85
1249,1786303214.672566,259328,0.0,1:02.85
1250,1786303214.804065,259328,0.0,1:02.85
1251,1786303214.940558,259328,0.0,1:02.85
1252,1786303215.085394,249472,0.0,1:02.85
1253,1786303215.227757,249472,0.0,1:02.85
1254,1786303215.366122,249472,0.0,1:02.85
1255,1786303215.501602,249472,0.0,1:02.85
1256,1786303215.635392,249472,0.0,1:02.85
1257,1786303215.767455,249472,0.0,1:02.85
1258,1786303215.898757,249472,0.0,1:02.85
1259,1786303216.027581,249472,0.0,1:02.85
1260,1786303216.154673,249472,0.0,1:02.85
1261,1786303216.282397,249472,0.0,1:02.85
1262,1786303216.415554,249472,0.0,1:02.85
1263,1786303216.544747,249472,0.0,1:02.85
1264,1786303216.681353,249472,0.0,1:02.85
1265,1786303216.821331,249472,0.0,1:02.85
1266,1786303216.953788,249472,0.0,1:02.85
1267,1786303217.083669,249472,0.0,1:02.85
1268,1786303217.219850,249472,0.0,1:02.85
1269,1786303217.361732,249472,0.0,1:02.85
1270,1786303217.504955,249472,0.0,1:02.85
1271,1786303217.646033,249472,0.0,1:02.85
1272,1786303217.784988,249472,0.0,1:02.85
1273,1786303217.927400,249472,0.0,1:02.85
1274,1786303218.066006,249472,0.0,1:02.85
1275,1786303218.201738,249472,0.0,1:02.85
1276,1786303218.340101,249472,0.0,1:02.85
1277,1786303218.476993,249472,0.0,1:02.85
1278,1786303218.610613,249472,0.0,1:02.85
1279,1786303218.738443,249472,0.0,1:02.85
1280,1786303218.865287,249472,0.0,1:02.85
1281,1786303218.994179,249472,0.0,1:02.85
1282,1786303219.160097,249472,0.0,1:02.85
1283,1786303219.355403,249472,0.0,1:02.85
1284,1786303219.523295,249472,0.0,1:02.85
1285,1786303219.681300,249472,0.0,1:02.85
1286,1786303219.842409,249472,0.0,1:02.85
1287,1786303220.000729,249472,0.0,1:02.85
1288,1786303220.154273,249472,0.0,1:02.85
1289,1786303220.299793,249472,0.0,1:02.85
1290,1786303220.444631,249472,0.0,1:02.85
1291,1786303220.590404,249472,0.0,1:02.85
1292,1786303220.735288,249472,0.0,1:02.85
1293,1786303220.879350,249472,0.0,1:02.85
1294,1786303221.024328,249472,0.0,1:02.85
1295,1786303221.167014,249472,0.0,1:02.85
1296,1786303221.311679,249472,0.0,1:02.85
1297,1786303221.453699,249472,0.0,1:02.85
1298,1786303221.591190,249472,0.0,1:02.85
1299,1786303221.727654,249472,0.0,1:02.85
1300,1786303221.868032,249472,0.0,1:02.85
1301,1786303222.009404,249472,0.0,1:02.85
1302,1786303222.148658,249472,0.0,1:02.85
1303,1786303222.291904,249472,0.0,1:02.85
1304,1786303222.433611,249472,0.0,1:02.85
1305,1786303222.572329,249472,0.0,1:02.85
1306,1786303222.711114,249472,0.0,1:02.85
1307,1786303222.852109,249472,0.0,1:02.85
1308,1786303222.991262,249472,0.0,1:02.85
1309,1786303223.124492,249472,0.0,1:02.85
1310,1786303223.259825,249472,0.0,1:02.85
1311,1786303223.394005,249472,0.0,1:02.85
1312,1786303223.531312,249472,0.0,1:02.85
1313,1786303223.664899,249472,0.0,1:02.85
1314,1786303223.798022,249472,0.0,1:02.85
1315,1786303223.938074,249472,0.0,1:02.85
1316,1786303224.078003,249472,0.0,1:02.85
1317,1786303224.220436,249472,0.0,1:02.85
1318,1786303224.362704,249472,0.0,1:02.85
1319,1786303224.506176,249472,0.0,1:02.85
1320,1786303224.709173,249472,0.0,1:02.85
1321,1786303224.853315,249472,0.0,1:02.85
1322,1786303224.996736,249472,0.0,1:02.85
1323,1786303225.134022,249472,0.0,1:02.85
1324,1786303225.279492,249472,0.0,1:02.85
1325,1786303225.422138,249472,0.0,1:02.85
1326,1786303225.574943,249472,0.0,1:02.85
1327,1786303225.723276,249472,0.0,1:02.85
1328,1786303225.877896,249472,0.0,1:02.85
1329,1786303226.025693,249472,0.1,1:02.85
1330,1786303226.169856,249472,0.0,1:02.85
1331,1786303226.315080,249472,0.0,1:02.85
1332,1786303226.456131,249472,0.0,1:02.85
1333,1786303226.593562,249472,0.0,1:02.85
1334,1786303226.728400,249472,0.0,1:02.85
1335,1786303226.868556,249472,0.0,1:02.85
1336,1786303227.010460,249472,0.0,1:02.85
1337,1786303227.145101,249472,0.0,1:02.85
1338,1786303227.283377,249472,0.0,1:02.85
1339,1786303227.421239,249472,0.0,1:02.85
1340,1786303227.558899,249472,0.0,1:02.85
1341,1786303227.695412,249472,0.0,1:02.85
1342,1786303227.830814,249472,0.0,1:02.85
1343,1786303227.965253,249472,0.0,1:02.85
1344,1786303228.108382,249472,0.0,1:02.85
1345,1786303228.252886,249472,0.0,1:02.85
1346,1786303228.393594,249472,0.0,1:02.85
1347,1786303228.530125,249472,0.0,1:02.85
1348,1786303228.660468,249472,0.0,1:02.85
1349,1786303228.792858,249472,0.0,1:02.85
1350,1786303228.923427,249472,0.0,1:02.85
1351,1786303229.054137,249472,0.0,1:02.85
1352,1786303229.184674,249472,0.0,1:02.85
1353,1786303229.315108,249472,0.0,1:02.85
1354,1786303229.441077,249472,0.0,1:02.85
1355,1786303229.571544,249472,0.0,1:02.85
1356,1786303229.699240,249472,0.0,1:02.85
1357,1786303229.829876,249472,0.0,1:02.85
1358,1786303229.960816,249472,0.0,1:02.85
1359,1786303230.093366,249472,0.0,1:02.85
1360,1786303230.231123,249472,0.0,1:02.85
1361,1786303230.368801,249472,0.0,1:02.85
1362,1786303230.511109,249472,0.0,1:02.85
1363,1786303230.647873,249472,0.0,1:02.85
1364,1786303230.786585,249472,0.0,1:02.85
1365,1786303230.930636,249472,0.0,1:02.86
1366,1786303231.071968,249472,0.0,1:02.86
1367,1786303231.209945,249472,0.0,1:02.86
1368,1786303231.351841,249472,0.0,1:02.86
1369,1786303231.495053,249472,0.0,1:02.86
1370,1786303231.632305,249472,0.0,1:02.86
1371,1786303231.768730,249472,0.0,1:02.86
1372,1786303231.904791,249472,0.0,1:02.86
1373,1786303232.044376,249472,0.0,1:02.86
1374,1786303232.187059,249472,0.0,1:02.86
1375,1786303232.339085,249472,0.0,1:02.86
1376,1786303232.472220,249472,0.0,1:02.86
1377,1786303232.609249,249472,0.0,1:02.86
1378,1786303232.749345,249472,0.0,1:02.86
1379,1786303232.892967,249472,0.0,1:02.86
1380,1786303233.038532,249472,0.0,1:02.86
1381,1786303233.186930,249472,0.0,1:02.86
1382,1786303233.330081,249472,0.0,1:02.86
1383,1786303233.462039,249472,0.0,1:02.86
1384,1786303233.597876,249472,0.0,1:02.86
1385,1786303233.732721,249472,0.0,1:02.86
1386,1786303233.862625,249472,0.0,1:02.86
1387,1786303233.993177,249472,0.0,1:02.86
1388,1786303234.124370,249472,0.0,1:02.86
1389,1786303234.255372,249472,0.0,1:02.86
1390,1786303234.386225,249472,0.0,1:02.86
1391,1786303234.518484,249472,0.0,1:02.86
1392,1786303234.649116,249472,0.0,1:02.86
1393,1786303234.777924,249472,0.0,1:02.86
1394,1786303234.912531,249472,0.0,1:02.86
1395,1786303235.043041,249472,0.0,1:02.86
1396,1786303235.174747,249472,0.0,1:02.86
1397,1786303235.309154,249472,0.0,1:02.86
1398,1786303235.441305,249472,0.0,1:02.86
1399,1786303235.574853,249472,0.0,1:02.86
1400,1786303235.769012,249472,0.0,1:02.86
1401,1786303235.984837,249472,0.0,1:02.86
1402,1786303236.342492,249472,0.0,1:02.86
1403,1786303236.680488,249472,0.0,1:02.86
1404,1786303236.931733,249472,0.0,1:02.86
1405,1786303237.120729,249472,0.0,1:02.86
1406,1786303237.350700,249472,0.0,1:02.86
1407,1786303237.701541,249472,0.0,1:02.86
1408,1786303237.971877,249472,0.0,1:02.86
1409,1786303238.206730,249472,0.0,1:02.86
1410,1786303238.453756,249472,0.0,1:02.86
1411,1786303238.707474,249472,0.0,1:02.86
1412,1786303239.091427,249472,0.0,1:02.86
1413,1786303239.390896,249472,0.0,1:02.86
1414,1786303239.629898,249472,0.0,1:02.86
1415,1786303239.806314,249472,0.0,1:02.86
1416,1786303239.989734,249472,0.0,1:02.86
1417,1786303240.243275,249472,0.0,1:02.86
1418,1786303240.606046,249472,0.0,1:02.86
1419,1786303240.825392,249472,0.0,1:02.86
1420,1786303241.097784,249472,0.0,1:02.86
1421,1786303241.297615,249472,0.0,1:02.86
1422,1786303241.469799,249472,0.0,1:02.86
1423,1786303241.693830,249440,0.0,1:02.86
1424,1786303241.966053,249440,0.0,1:02.86
1425,1786303242.188298,249440,0.0,1:02.86
1426,1786303242.404947,249440,0.0,1:02.86
1427,1786303242.631441,249440,0.0,1:02.86
1428,1786303242.812598,249440,0.0,1:02.86
1429,1786303242.993594,249440,0.0,1:02.86
1430,1786303243.166935,249440,0.0,1:02.86
1431,1786303243.347469,249440,0.0,1:02.86
1432,1786303243.523711,249440,0.0,1:02.86
1433,1786303243.695083,249440,0.0,1:02.86
1434,1786303243.874083,249440,0.0,1:02.86
1435,1786303244.042879,249440,0.0,1:02.86
1436,1786303244.216444,249440,0.0,1:02.86
1437,1786303244.379812,249440,0.0,1:02.86
1438,1786303244.532391,249440,0.0,1:02.86
1439,1786303244.747840,249440,0.0,1:02.86
1440,1786303244.965349,249440,0.0,1:02.86
1441,1786303245.191219,249440,0.0,1:02.86
1442,1786303245.393436,249440,0.0,1:02.86
1443,1786303245.647668,249440,0.0,1:02.86
1444,1786303245.894677,249440,0.0,1:02.86
1445,1786303246.136936,249440,0.0,1:02.86
1446,1786303246.395404,249440,0.0,1:02.86
1447,1786303246.651588,249440,0.0,1:02.86
1448,1786303246.914991,249440,0.0,1:02.86
1449,1786303247.157505,249440,0.0,1:02.86
1450,1786303247.393497,249440,0.0,1:02.86
1451,1786303247.644994,249424,0.0,1:02.86
1452,1786303247.856090,249424,0.0,1:02.86
1453,1786303248.081125,249424,0.0,1:02.86
1454,1786303248.318031,249424,0.0,1:02.86
1455,1786303248.538005,249424,0.0,1:02.86
1456,1786303248.758026,246432,0.0,1:02.86
1457,1786303248.975393,238176,0.0,1:02.86
1458,1786303249.217839,197456,0.0,1:02.86
1459,1786303249.444005,183184,0.0,1:02.86
1460,1786303249.686433,183088,0.0,1:02.86
1461,1786303249.891117,182928,0.0,1:02.86
1462,1786303250.086950,181392,0.0,1:02.86
1463,1786303250.296855,173680,0.0,1:02.86
1464,1786303250.514592,173680,0.0,1:02.86
1465,1786303250.718608,173680,0.0,1:02.86
1466,1786303250.911138,167600,0.0,1:02.86
1467,1786303251.101571,139824,0.0,1:02.86
1468,1786303251.294707,125184,0.0,1:02.86
1469,1786303251.476825,121696,0.0,1:02.86
1470,1786303251.692075,121696,0.0,1:02.86
1471,1786303251.911741,111968,0.0,1:02.86
1472,1786303252.109933,101280,0.0,1:02.86
1473,1786303252.306214,91088,0.0,1:02.86
1474,1786303252.508819,91088,0.0,1:02.86
1475,1786303252.700244,83680,0.0,1:02.86
1476,1786303252.869659,77472,0.0,1:02.86
1477,1786303253.067864,74672,0.0,1:02.86
1478,1786303253.270165,74672,0.0,1:02.86
1479,1786303253.436056,74672,0.0,1:02.86
1480,1786303253.633826,74672,0.0,1:02.86
1481,1786303253.843451,74672,0.0,1:02.86
1482,1786303254.025689,74672,0.0,1:02.86
1483,1786303254.218449,74672,0.0,1:02.86
1484,1786303254.418438,74672,0.0,1:02.86
1485,1786303254.627423,74672,0.0,1:02.86
1486,1786303254.788734,74672,0.0,1:02.86
1487,1786303254.959860,74672,0.0,1:02.86
1488,1786303255.128002,74672,0.0,1:02.86
1489,1786303255.292792,74672,0.0,1:02.86
1490,1786303255.462529,74672,0.0,1:02.86
1491,1786303255.664271,74672,0.0,1:02.86
1492,1786303255.834899,74672,0.0,1:02.86
1493,1786303256.012051,74672,0.0,1:02.86
1494,1786303256.171138,74672,0.0,1:02.86
1495,1786303256.317205,74672,0.0,1:02.86
1496,1786303256.471877,74672,0.0,1:02.86
1497,1786303256.627514,74672,0.0,1:02.86
1498,1786303256.780195,74672,0.0,1:02.86
1499,1786303256.927178,74672,0.0,1:02.86
1500,1786303257.076402,74672,0.0,1:02.86
1501,1786303257.226000,74672,0.0,1:02.86
1502,1786303257.367991,74672,0.0,1:02.86
1503,1786303257.513648,74672,0.0,1:02.86
1504,1786303257.680520,74672,0.0,1:02.86
1505,1786303257.831076,74672,0.0,1:02.86
1506,1786303257.978394,74672,0.0,1:02.86
1507,1786303258.141195,74672,0.0,1:02.86
1508,1786303258.292580,74672,0.0,1:02.86
1509,1786303258.459897,74672,0.0,1:02.86
1510,1786303258.636790,74672,0.0,1:02.86
1511,1786303258.788107,74672,0.0,1:02.86
1512,1786303258.946725,74672,0.0,1:02.86
1513,1786303259.099955,74672,0.0,1:02.86
1514,1786303259.249962,74672,0.0,1:02.86
1515,1786303259.404552,74672,0.0,1:02.86
1516,1786303259.569151,74672,0.0,1:02.86
1517,1786303259.726187,74672,0.0,1:02.86
1518,1786303259.878734,74672,0.0,1:02.86
1519,1786303260.029813,74672,0.0,1:02.86
1520,1786303260.183463,74672,0.0,1:02.86
1521,1786303260.335054,74672,0.0,1:02.86
1522,1786303260.510080,74672,0.0,1:02.86
1523,1786303260.733213,74672,0.0,1:02.86
1524,1786303260.901396,74672,0.0,1:02.86
1525,1786303261.044672,74672,0.0,1:02.86
1526,1786303261.191345,74672,0.0,1:02.86
1527,1786303261.332096,74672,0.0,1:02.86
1528,1786303261.468835,74672,0.0,1:02.86
1529,1786303261.616060,74672,0.0,1:02.86
1530,1786303261.764836,74672,0.0,1:02.86
1531,1786303261.940360,74672,0.0,1:02.86
1532,1786303262.111428,72752,0.2,1:02.86
1533,1786303262.280706,72752,0.0,1:02.86
1534,1786303262.495070,72912,0.0,1:02.86
1535,1786303262.707757,72912,0.0,1:02.86
1536,1786303262.882656,72912,0.0,1:02.86
1537,1786303263.109783,72912,0.0,1:02.86
1538,1786303263.345254,72912,0.0,1:02.86
1539,1786303263.526073,72912,0.0,1:02.86
1540,1786303263.705252,72912,0.0,1:02.86
1541,1786303263.909786,72912,0.0,1:02.86
1542,1786303264.106751,72912,0.0,1:02.86
1543,1786303264.275524,72912,0.0,1:02.86
1544,1786303264.466485,72912,0.0,1:02.86
1545,1786303264.674405,72912,0.0,1:02.86
1546,1786303264.843127,72912,0.0,1:02.86
1547,1786303265.025310,72912,0.0,1:02.86
1548,1786303265.214155,72912,0.0,1:02.86
1549,1786303265.393592,72912,0.0,1:02.86
1550,1786303265.609994,72912,0.0,1:02.86
1551,1786303265.780150,72912,0.0,1:02.86
1552,1786303265.965714,72912,0.0,1:02.87
1553,1786303266.119244,72912,0.0,1:02.87
1554,1786303266.324753,72912,0.0,1:02.87
1555,1786303266.634367,72912,0.0,1:02.87
1556,1786303266.917637,72912,0.0,1:02.87
1557,1786303267.143942,72912,0.0,1:02.87
1558,1786303267.399628,73040,0.0,1:02.87
1559,1786303267.623811,73040,0.0,1:02.87
1560,1786303267.797212,73040,0.0,1:02.87
1561,1786303267.960680,73040,0.0,1:02.87
1562,1786303268.133115,73040,0.0,1:02.87
1563,1786303268.293592,73040,0.0,1:02.87
1564,1786303268.455329,73040,0.0,1:02.87
1565,1786303268.652210,73040,0.0,1:02.87
1566,1786303268.827882,73072,0.0,1:02.87
1567,1786303268.995341,73072,0.0,1:02.87
1568,1786303269.153422,73072,0.0,1:02.87
1569,1786303269.305111,73072,0.0,1:02.87
1570,1786303269.446848,73072,0.0,1:02.87
1571,1786303269.586499,73072,0.0,1:02.87
1572,1786303269.726422,73072,0.0,1:02.87
1573,1786303269.865458,73072,0.0,1:02.87
1574,1786303269.998922,73072,0.0,1:02.87
1575,1786303270.129090,73072,0.0,1:02.87
1576,1786303270.256958,73072,0.0,1:02.87
1577,1786303270.379781,73072,0.0,1:02.87
1578,1786303270.505752,73072,0.0,1:02.87
1579,1786303270.628865,73072,0.0,1:02.87
1580,1786303270.749779,73072,0.0,1:02.87
1581,1786303270.872137,73072,0.0,1:02.87
1582,1786303270.991765,73072,0.0,1:02.87
1583,1786303271.116655,73040,0.0,1:02.87
1584,1786303271.239681,73040,0.0,1:02.87
1585,1786303271.366488,73040,0.0,1:02.87
1586,1786303271.493779,73040,0.0,1:02.87
1587,1786303271.617850,73040,0.0,1:02.87
1588,1786303271.744262,73040,0.0,1:02.87
1589,1786303271.872752,73040,0.0,1:02.87
1590,1786303272.001258,73040,0.0,1:02.87
1591,1786303272.137329,73040,0.0,1:02.87
1592,1786303272.278131,73040,0.0,1:02.87
1593,1786303272.424679,72944,0.0,1:02.87
1594,1786303272.567128,72944,0.0,1:02.87
1595,1786303272.709617,73184,0.0,1:02.87
1596,1786303272.854278,78128,1.3,1:02.87
1597,1786303273.021842,78128,0.8,1:02.87
1598,1786303273.199261,78128,0.5,1:02.87
1599,1786303273.361478,78128,0.3,1:02.87
1600,1786303273.553130,78128,0.1,1:02.87
1601,1786303273.711828,78128,0.0,1:02.87
1602,1786303273.877757,78128,0.1,1:02.87
1603,1786303274.033584,78128,0.0,1:02.87
1604,1786303274.183275,79392,0.5,1:02.88
1605,1786303274.319514,79392,0.3,1:02.88
1606,1786303274.462086,79392,0.1,1:02.88
1607,1786303274.600696,79392,0.0,1:02.88
1608,1786303274.785164,79392,0.0,1:02.88
1609,1786303274.930535,79392,0.0,1:02.88
1610,1786303275.073882,79392,0.0,1:02.88
1611,1786303275.227236,79392,0.0,1:02.88
1612,1786303275.370886,79392,0.0,1:02.88
1613,1786303275.506354,79392,0.0,1:02.88
1614,1786303275.634771,79392,0.0,1:02.88
1615,1786303275.765786,79392,0.0,1:02.88
1616,1786303275.891575,79392,0.0,1:02.88
1617,1786303276.017252,79392,0.0,1:02.88
1618,1786303276.141720,79392,0.0,1:02.88
1619,1786303276.266260,79392,0.0,1:02.88
1620,1786303276.392657,79392,0.0,1:02.88
1621,1786303276.522222,79392,0.0,1:02.88
1622,1786303276.648124,79392,0.0,1:02.88
1623,1786303276.773456,79392,0.0,1:02.88
1624,1786303276.898489,79392,0.0,1:02.88
1625,1786303277.067710,79392,0.0,1:02.88
1626,1786303277.253065,79392,0.0,1:02.88
1627,1786303277.612089,79392,0.0,1:02.88
1628,1786303278.147947,79392,0.0,1:02.88
1629,1786303278.354410,79392,0.0,1:02.88
1630,1786303278.650322,79392,0.0,1:02.88
1631,1786303278.820936,79392,0.0,1:02.88
1632,1786303279.063156,79392,0.0,1:02.88
1633,1786303279.241868,79392,0.0,1:02.88
1634,1786303279.418173,79392,0.0,1:02.88
1635,1786303279.772838,79344,0.0,1:02.88
1636,1786303279.947302,79344,0.0,1:02.88
1637,1786303280.115887,79344,0.0,1:02.88
1638,1786303280.282536,79344,0.0,1:02.88
1639,1786303280.452671,79344,0.0,1:02.88
1640,1786303280.655479,79344,0.0,1:02.88
1641,1786303280.857707,79344,0.0,1:02.88
1642,1786303281.020366,79344,0.0,1:02.88
1643,1786303281.179595,79344,0.0,1:02.88
1644,1786303281.355626,79344,0.0,1:02.88
1645,1786303281.582668,79344,0.0,1:02.88
1646,1786303281.779891,79344,0.0,1:02.88
1647,1786303281.967857,79344,0.0,1:02.88
1648,1786303282.131922,79344,0.0,1:02.88
1649,1786303282.309850,79344,0.0,1:02.88
1650,1786303282.473153,79344,0.0,1:02.88
1651,1786303282.645750,79392,0.0,1:02.88
1652,1786303282.815746,79392,0.0,1:02.88
1653,1786303282.997632,79392,0.1,1:02.88
1654,1786303283.165643,79392,0.0,1:02.88
1655,1786303283.330305,79392,0.0,1:02.88
1656,1786303283.490297,79392,0.0,1:02.88
1657,1786303283.658401,79392,0.0,1:02.88
1658,1786303283.842020,79392,0.0,1:02.88
1659,1786303284.008544,79392,0.0,1:02.88
1660,1786303284.222566,79392,0.0,1:02.88
1661,1786303284.387148,79392,0.0,1:02.88
1662,1786303284.557441,79392,0.0,1:02.88
1663,1786303284.719667,79392,0.0,1:02.88
1664,1786303284.886483,79392,0.0,1:02.88
1665,1786303285.053183,79392,0.0,1:02.88
1666,1786303285.223308,79392,0.0,1:02.88
1667,1786303285.389919,79392,0.0,1:02.88
1668,1786303285.578820,79392,0.0,1:02.88
1669,1786303285.752050,79392,0.0,1:02.88
1670,1786303285.911333,79392,0.1,1:02.88
1671,1786303286.118591,79392,0.0,1:02.88
1672,1786303286.293503,79392,0.0,1:02.88
1673,1786303286.461629,79392,0.0,1:02.88
1674,1786303286.728364,79392,0.0,1:02.88
1675,1786303286.916577,79392,0.0,1:02.88
1676,1786303287.085997,79392,0.0,1:02.88
1677,1786303287.246093,79392,0.0,1:02.88
1678,1786303287.408181,79392,0.0,1:02.88
1679,1786303287.676767,79392,0.0,1:02.88
1680,1786303287.861721,79392,0.0,1:02.88
1681,1786303288.078871,79392,0.0,1:02.88
1682,1786303288.268110,79392,0.0,1:02.88
1683,1786303288.624856,79392,0.0,1:02.88
1684,1786303288.858549,79392,0.0,1:02.88
1685,1786303289.041170,79392,0.0,1:02.88
1686,1786303289.202662,79392,0.0,1:02.88
1687,1786303289.375436,79392,0.0,1:02.88
1688,1786303289.560937,79392,0.0,1:02.88
1689,1786303289.726976,79392,0.0,1:02.88
1690,1786303289.898932,79392,0.0,1:02.88
1691,1786303290.098980,79392,0.0,1:02.88
1692,1786303290.260858,79392,0.0,1:02.88
1693,1786303290.444152,79392,0.0,1:02.88
1694,1786303290.619730,79392,0.0,1:02.88
1695,1786303290.774524,79392,0.0,1:02.88
1696,1786303290.942676,79392,0.0,1:02.88
1697,1786303291.257220,79392,0.0,1:02.88
1698,1786303291.425225,79392,0.0,1:02.88
1699,1786303291.608403,79392,0.0,1:02.88
1700,1786303291.763684,79392,0.0,1:02.88
1701,1786303291.995335,79392,0.0,1:02.88
1702,1786303292.176041,79392,0.0,1:02.88
1703,1786303292.341617,79392,0.0,1:02.88
1704,1786303292.500830,79392,0.0,1:02.88
1705,1786303292.694748,79392,0.0,1:02.88
1706,1786303292.850860,79392,0.0,1:02.88
1707,1786303293.009934,79392,0.0,1:02.88
1708,1786303293.192121,79392,0.0,1:02.88
1709,1786303293.401950,79392,0.0,1:02.88
1710,1786303293.580535,79392,0.0,1:02.88
1711,1786303293.830502,79392,0.0,1:02.88
1712,1786303294.033663,79392,0.0,1:02.88
1713,1786303294.191776,79392,0.0,1:02.88
1714,1786303294.411037,79392,0.0,1:02.88
1715,1786303294.805948,79392,0.0,1:02.88
1716,1786303295.174472,79392,0.0,1:02.88
1717,1786303295.348001,79392,0.0,1:02.88
1718,1786303295.639685,79392,0.0,1:02.88
1719,1786303295.835460,79392,0.0,1:02.88
1720,1786303296.122187,79392,0.0,1:02.88
1721,1786303296.354909,79392,0.0,1:02.88
1722,1786303296.525427,79392,0.0,1:02.88
1723,1786303296.695366,79392,0.0,1:02.88
1724,1786303296.869577,79392,0.0,1:02.88
1725,1786303297.098536,79392,0.0,1:02.88
1726,1786303297.260976,79392,0.0,1:02.88
1727,1786303297.444282,79392,0.0,1:02.88
1728,1786303297.630283,79392,0.0,1:02.88
1729,1786303297.808183,79392,0.0,1:02.88
1730,1786303297.978337,79392,0.0,1:02.88
1731,1786303298.149367,79392,0.0,1:02.88
1732,1786303298.317092,79392,0.0,1:02.88
1733,1786303298.473322,79392,0.0,1:02.88
1734,1786303298.692343,79392,0.0,1:02.88
1735,1786303298.868383,79392,0.0,1:02.88
1736,1786303299.134600,79392,0.0,1:02.88
1737,1786303299.305280,79392,0.0,1:02.88
1738,1786303299.486545,79392,0.0,1:02.88
1739,1786303299.677303,79392,0.0,1:02.88
1740,1786303299.838436,79392,0.0,1:02.88
1741,1786303300.003159,79392,0.0,1:02.88
1742,1786303300.158642,79392,0.0,1:02.88
1743,1786303300.405985,79392,0.0,1:02.88
1744,1786303300.652750,79392,0.0,1:02.88
1745,1786303300.826364,79392,0.0,1:02.88
1746,1786303300.994632,79392,0.0,1:02.88
1747,1786303301.162154,79392,0.0,1:02.88
1748,1786303301.333522,79392,0.0,1:02.88
1749,1786303301.501554,79392,0.0,1:02.88
1750,1786303301.661992,79392,0.0,1:02.88
1751,1786303301.804547,79392,0.0,1:02.88
1752,1786303302.218461,79392,0.0,1:02.88
1753,1786303302.405030,79392,0.0,1:02.88
1754,1786303302.925452,79392,0.0,1:02.88
1755,1786303303.293935,79392,0.0,1:02.89
1756,1786303303.690137,79392,0.0,1:02.89
1757,1786303304.063266,79392,0.0,1:02.89
1758,1786303304.226288,79392,0.0,1:02.89
1759,1786303304.394863,79392,0.0,1:02.89
1760,1786303304.568347,79392,0.0,1:02.89
1761,1786303305.000488,79392,0.0,1:02.89
1762,1786303305.779092,79392,0.0,1:02.89
1763,1786303306.225388,79392,0.0,1:02.89
1764,1786303306.821003,79392,0.0,1:02.89
1765,1786303306.999742,79392,0.1,1:02.89
1766,1786303307.558073,79392,0.0,1:02.89
1767,1786303307.729691,79392,0.0,1:02.89
1768,1786303307.999603,79392,0.0,1:02.89
1769,1786303308.162228,79392,0.0,1:02.89
1770,1786303308.312670,79392,0.0,1:02.89
1771,1786303308.519994,79392,0.0,1:02.89
1772,1786303308.679212,79392,0.0,1:02.89
1773,1786303308.833428,79392,0.0,1:02.89
1774,1786303309.110421,79392,0.0,1:02.89
1775,1786303309.290711,79392,0.0,1:02.89
1776,1786303309.461032,79392,0.0,1:02.89
1777,1786303309.638592,79392,0.0,1:02.89
1778,1786303309.800198,79392,0.0,1:02.89
1779,1786303309.971456,79392,0.0,1:02.89
1780,1786303310.142444,79392,0.0,1:02.89
1781,1786303310.305246,79392,0.0,1:02.89
1782,1786303310.470012,79392,0.0,1:02.89
1783,1786303310.654543,79392,0.0,1:02.89
1784,1786303310.820137,79392,0.0,1:02.89
1785,1786303310.995507,79392,0.0,1:02.89
1786,1786303311.164614,79392,0.0,1:02.89
1787,1786303311.329306,79392,0.0,1:02.89
1788,1786303311.507075,79392,0.0,1:02.89
1789,1786303311.672833,79392,0.0,1:02.89
1790,1786303311.840594,79392,0.0,1:02.89
1791,1786303312.011410,79392,0.1,1:02.89
1792,1786303312.175990,79392,0.0,1:02.89
1793,1786303312.335944,79392,0.0,1:02.89
1794,1786303312.501948,79392,0.0,1:02.89
1795,1786303312.665941,79392,0.0,1:02.89
1796,1786303312.921233,79392,0.0,1:02.89
1797,1786303313.097936,79392,0.0,1:02.89
1798,1786303313.254757,79392,0.0,1:02.89
1799,1786303313.412414,79392,0.0,1:02.89
1800,1786303313.581519,79392,0.0,1:02.89
1801,1786303313.736075,79392,0.0,1:02.89
1802,1786303313.895189,79392,0.0,1:02.89
1803,1786303314.063948,79392,0.0,1:02.89
1804,1786303314.225854,79392,0.0,1:02.89
1805,1786303314.384565,79392,0.0,1:02.89
1806,1786303314.560743,79392,0.0,1:02.89
1807,1786303314.728485,79392,0.0,1:02.89
1808,1786303314.883873,79392,0.0,1:02.89
1809,1786303315.067145,79392,0.0,1:02.89
1810,1786303315.301057,79392,0.0,1:02.89
1811,1786303315.542417,79392,0.0,1:02.89
1812,1786303315.786319,79392,0.0,1:02.89
1813,1786303316.050968,79392,0.0,1:02.89
1814,1786303316.294477,79392,0.0,1:02.89
1815,1786303316.570304,79392,0.0,1:02.89
1816,1786303316.811916,79392,0.0,1:02.89
1817,1786303317.114487,79392,0.1,1:02.89
1818,1786303317.394206,79392,0.0,1:02.89
1819,1786303317.618568,79392,0.0,1:02.89
1820,1786303317.800092,79392,0.0,1:02.89
1821,1786303318.052343,79392,0.0,1:02.89
1822,1786303318.340498,79392,0.0,1:02.89
1823,1786303318.564327,79392,0.0,1:02.89
1824,1786303318.794071,79392,0.0,1:02.89
1825,1786303319.061255,79392,0.0,1:02.89
1826,1786303319.387984,79392,0.0,1:02.89
1827,1786303319.712101,79392,0.0,1:02.89
1828,1786303320.030090,79392,0.0,1:02.89
1829,1786303320.224630,79392,0.0,1:02.89
1830,1786303320.426016,79392,0.0,1:02.89
1831,1786303320.659735,79392,0.0,1:02.89
1832,1786303320.864721,79392,0.0,1:02.89
1833,1786303321.060967,79392,0.0,1:02.89
1834,1786303321.244454,79392,0.0,1:02.89
1835,1786303321.438571,79392,0.0,1:02.89
1836,1786303321.660878,79392,0.0,1:02.89
1837,1786303321.853713,79392,0.0,1:02.89
1838,1786303322.029639,79392,0.0,1:02.89
1839,1786303322.203352,79392,0.0,1:02.89
1840,1786303322.379424,79392,0.0,1:02.89
1841,1786303322.576396,82896,2.5,1:02.90
1842,1786303322.748784,82896,0.8,1:02.90
1843,1786303322.931580,84256,0.6,1:02.90
1844,1786303323.086841,84256,0.3,1:02.90
1845,1786303323.250579,84256,0.1,1:02.90
1846,1786303323.411993,84256,0.1,1:02.90
1847,1786303323.644585,84256,0.0,1:02.90
1848,1786303323.813938,84256,0.0,1:02.90
1849,1786303323.964948,84256,0.0,1:02.90
1850,1786303324.115514,84256,0.0,1:02.90
1851,1786303324.269797,84256,0.0,1:02.90
1852,1786303324.418165,84256,0.0,1:02.90
1853,1786303324.576123,84256,0.0,1:02.90
1854,1786303324.919718,84256,0.0,1:02.90
1855,1786303325.082084,84256,0.0,1:02.90
1856,1786303325.246186,84256,0.0,1:02.90
1857,1786303325.396371,84256,0.0,1:02.90
1858,1786303325.544169,84256,0.0,1:02.90
1859,1786303325.688059,84256,0.0,1:02.90
1860,1786303325.827949,84256,0.0,1:02.90
1861,1786303325.967863,84256,0.0,1:02.90
1862,1786303326.109888,84256,0.0,1:02.90
1863,1786303326.252075,84256,0.0,1:02.90
1864,1786303326.396208,84256,0.0,1:02.90
1865,1786303326.534454,84256,0.0,1:02.90
1866,1786303326.671596,84256,0.0,1:02.90
1867,1786303326.808737,84256,0.0,1:02.90
1868,1786303326.952565,84256,0.1,1:02.90
1869,1786303327.085914,84256,0.0,1:02.90
1870,1786303327.212413,84256,0.0,1:02.90
1871,1786303327.342939,84256,0.0,1:02.90
1872,1786303327.468716,84256,0.0,1:02.90
1873,1786303327.595902,84256,0.0,1:02.90
1874,1786303327.726088,84192,0.0,1:02.90
1875,1786303327.856796,84192,0.0,1:02.90
1876,1786303327.984938,84192,0.0,1:02.90
1877,1786303328.120459,84192,0.0,1:02.90
1878,1786303328.254950,84192,0.0,1:02.90
1879,1786303328.391464,84192,0.0,1:02.90
1880,1786303328.528633,84192,0.0,1:02.90
1881,1786303328.663411,84192,0.0,1:02.90
1882,1786303328.802311,84192,0.0,1:02.90
1883,1786303328.939561,84192,0.0,1:02.90
1884,1786303329.075375,84192,0.0,1:02.90
1885,1786303329.216190,84192,0.0,1:02.90
1886,1786303329.361053,84192,0.0,1:02.90
1887,1786303329.509946,84192,0.0,1:02.90
1888,1786303329.662245,84192,0.0,1:02.90
1889,1786303329.842219,84192,0.0,1:02.90
1890,1786303330.001099,84192,0.0,1:02.90
1891,1786303330.146469,84192,0.0,1:02.90
1892,1786303330.285383,84192,0.0,1:02.90
1893,1786303330.436999,84192,0.0,1:02.90
1894,1786303330.613745,84192,0.0,1:02.90
1895,1786303330.769305,84192,0.0,1:02.90
1896,1786303330.916336,84192,0.0,1:02.90
1897,1786303331.059466,84192,0.0,1:02.90
1898,1786303331.201109,84192,0.0,1:02.90
1899,1786303331.343217,84192,0.0,1:02.90
1900,1786303331.485977,84192,0.0,1:02.90
1901,1786303331.624405,84192,0.0,1:02.90
1902,1786303331.752430,84192,0.0,1:02.90
1903,1786303331.882867,84192,0.0,1:02.90
1904,1786303332.010358,84192,0.0,1:02.90
1905,1786303332.136972,84192,0.0,1:02.90
1906,1786303332.267970,84192,0.0,1:02.90
1907,1786303332.397886,84192,0.0,1:02.90
1908,1786303332.524729,84192,0.0,1:02.90
1909,1786303332.658527,84192,0.0,1:02.90
1910,1786303332.792140,84192,0.0,1:02.90
1911,1786303332.924671,84192,0.0,1:02.90
1912,1786303333.060430,84192,0.0,1:02.90
1913,1786303333.191885,84192,0.0,1:02.90
1914,1786303333.329319,84192,0.0,1:02.90
1915,1786303333.462213,84192,0.0,1:02.90
1916,1786303333.597189,84192,0.0,1:02.90
1917,1786303333.732971,84240,0.0,1:02.91
1918,1786303333.873822,84240,0.0,1:02.91
1919,1786303334.014287,84240,0.0,1:02.91
1920,1786303334.155893,84240,0.0,1:02.91
1921,1786303334.299699,84240,0.0,1:02.91
1922,1786303334.443198,84240,0.0,1:02.91
1923,1786303334.595946,84240,0.0,1:02.91
1924,1786303334.742401,84240,0.0,1:02.91
1925,1786303334.884053,84240,0.1,1:02.91
1926,1786303335.029126,84240,0.0,1:02.91
1927,1786303335.176696,84240,0.0,1:02.91
1928,1786303335.321098,84240,0.0,1:02.91
1929,1786303335.468823,84240,0.0,1:02.91
1930,1786303335.625899,84240,0.0,1:02.91
1931,1786303335.772824,84240,0.0,1:02.91
1932,1786303335.918675,84240,0.0,1:02.91
1933,1786303336.061933,84240,0.0,1:02.91
1934,1786303336.202860,84240,0.0,1:02.91
1935,1786303336.345949,84240,0.0,1:02.91
1936,1786303336.478784,84240,0.0,1:02.91
1937,1786303336.609169,84240,0.0,1:02.91
1938,1786303336.737763,84240,0.0,1:02.91
1939,1786303336.861797,84240,0.0,1:02.91
1940,1786303336.986558,84240,0.0,1:02.91
1941,1786303337.111024,84240,0.0,1:02.91
1942,1786303337.235382,84240,0.0,1:02.91
1943,1786303337.355786,84240,0.0,1:02.91
1944,1786303337.476872,84240,0.0,1:02.91
1945,1786303337.602124,84240,0.0,1:02.91
1946,1786303337.728169,84240,0.0,1:02.91
1947,1786303337.853367,84240,0.0,1:02.91
1948,1786303337.978413,84240,0.0,1:02.91
1949,1786303338.104132,84240,0.0,1:02.91
1950,1786303338.229218,84240,0.0,1:02.91
1951,1786303338.353777,84240,0.0,1:02.91
1952,1786303338.474138,84240,0.0,1:02.91
1953,1786303338.598175,84240,0.0,1:02.91
1954,1786303338.722429,84240,0.0,1:02.91
1955,1786303338.845608,84240,0.0,1:02.91
1956,1786303338.975670,84240,0.0,1:02.91
1957,1786303339.110087,84240,0.0,1:02.91
1958,1786303339.236320,84240,0.0,1:02.91
1959,1786303339.367743,84240,0.0,1:02.91
1960,1786303339.499385,84240,0.0,1:02.91
1961,1786303339.632115,84240,0.0,1:02.91
1962,1786303339.767560,84240,0.0,1:02.91
1963,1786303339.910246,84240,0.0,1:02.91
1964,1786303340.049555,84240,0.0,1:02.91
1965,1786303340.192362,84240,0.0,1:02.91
1966,1786303340.334892,84240,0.0,1:02.91
1967,1786303340.472862,84256,0.0,1:02.91
1968,1786303340.615520,84256,0.0,1:02.91
1969,1786303340.752594,84256,0.0,1:02.91
1970,1786303340.885153,84256,0.0,1:02.91
1971,1786303341.016285,84256,0.0,1:02.91
1972,1786303341.144928,84256,0.0,1:02.91
1973,1786303341.282597,84256,0.0,1:02.91
1974,1786303341.415402,84256,0.0,1:02.91
1975,1786303341.543594,84256,0.0,1:02.91
1976,1786303341.675968,84256,0.0,1:02.91
1977,1786303341.803894,84256,0.0,1:02.91
1978,1786303341.932207,84256,0.0,1:02.91
1979,1786303342.060293,84256,0.0,1:02.91
1980,1786303342.184902,84256,0.0,1:02.91
1981,1786303342.312920,84256,0.0,1:02.91
1982,1786303342.439350,84608,0.0,1:02.91
1983,1786303342.568029,84608,0.0,1:02.91
1984,1786303342.696354,84608,0.0,1:02.91
1985,1786303342.823851,84608,0.0,1:02.91
1986,1786303342.952223,84608,0.0,1:02.91
1987,1786303343.080125,84608,0.0,1:02.91
1988,1786303343.205913,84608,0.0,1:02.91
1989,1786303343.333854,84608,0.0,1:02.91
1990,1786303343.458198,84608,0.0,1:02.91
1991,1786303343.590255,84608,0.0,1:02.91
1992,1786303343.716449,84608,0.0,1:02.91
1993,1786303343.847954,84608,0.0,1:02.91
1994,1786303343.979841,84608,0.0,1:02.91
1995,1786303344.112721,84608,0.0,1:02.91
1996,1786303344.249963,84608,0.0,1:02.91
1997,1786303344.386602,84608,0.0,1:02.91
1998,1786303344.522616,84608,0.0,1:02.91
1999,1786303344.650498,84608,0.0,1:02.91
2000,1786303344.782018,84608,0.0,1:02.91
2001,1786303344.911095,84608,0.0,1:02.91
2002,1786303345.043862,84608,0.0,1:02.91
2003,1786303345.170021,84608,0.0,1:02.91
2004,1786303345.297267,84608,0.0,1:02.91
2005,1786303345.423993,84608,0.0,1:02.91
2006,1786303345.552216,84608,0.0,1:02.91
2007,1786303345.683584,84608,0.0,1:02.91
2008,1786303345.811440,84608,0.0,1:02.91
2009,1786303345.945696,84608,0.0,1:02.91
2010,1786303346.077498,84608,0.0,1:02.91
2011,1786303346.212907,84608,0.0,1:02.91
2012,1786303346.346137,84608,0.0,1:02.91
2013,1786303346.477144,84608,0.0,1:02.91
2014,1786303346.613911,84608,0.0,1:02.91
2015,1786303346.749231,84608,0.0,1:02.91
2016,1786303346.911450,84608,0.0,1:02.91
2017,1786303347.052941,84608,0.0,1:02.91
